SEASON,SEASON_START,TEAM_ID,TEAM_NAME,GP,W,L,W_PCT,FGM,FGA,FG_PCT,FG3M,FG3A,FG3_PCT,FTM,FTA,FT_PCT,OREB,DREB,REB,AST,TOV,STL,BLK,PTS,PLUS_MINUS,THREE_POINT_RATE
1996-97,1996,1610612737,Atlanta Hawks,82,56,26,0.683,34.3,76.9,0.446,8.0,22.4,0.36,18.2,23.8,0.763,12.5,28.7,41.1,19.0,15.0,8.5,5.2,94.8,5.4,0.2912873862158647
1996-97,1996,1610612738,Boston Celtics,82,15,67,0.183,37.4,85.0,0.44,5.7,16.2,0.351,20.1,26.8,0.75,13.3,26.7,40.0,21.9,16.4,9.9,3.8,100.6,-7.3,0.19058823529411764
1996-97,1996,1610612766,Charlotte Hornets,82,54,28,0.659,36.4,77.3,0.471,7.2,16.9,0.428,18.8,24.2,0.777,11.1,28.0,39.1,24.6,14.7,7.3,4.3,98.9,1.9,0.2186287192755498
1996-97,1996,1610612741,Chicago Bulls,82,69,13,0.841,40.0,84.4,0.473,6.4,17.1,0.373,16.8,22.5,0.747,15.1,30.0,45.1,26.1,13.5,8.7,4.0,103.1,10.8,0.20260663507109006
1996-97,1996,1610612739,Cleveland Cavaliers,82,42,40,0.512,33.0,72.8,0.453,5.9,15.7,0.376,15.6,21.6,0.723,11.1,26.3,37.4,20.9,14.5,8.0,3.8,87.5,1.8,0.21565934065934067
1996-97,1996,1610612742,Dallas Mavericks,82,24,58,0.293,34.3,78.7,0.436,5.2,16.0,0.326,16.8,23.4,0.717,12.7,27.6,40.3,20.3,16.1,8.0,4.3,90.6,-6.4,0.20330368487928843
1996-97,1996,1610612743,Denver Nuggets,82,21,61,0.256,35.8,81.5,0.439,7.8,20.9,0.372,18.5,24.3,0.761,12.1,29.9,42.0,23.0,16.6,6.1,5.9,97.8,-6.3,0.256441717791411
1996-97,1996,1610612765,Detroit Pistons,82,54,28,0.659,34.5,74.3,0.464,7.1,18.3,0.388,18.1,24.3,0.745,10.5,28.0,38.4,19.0,12.7,7.7,3.5,94.2,5.2,0.24629878869448185
1996-97,1996,1610612744,Golden State Warriors,82,30,52,0.366,36.5,80.1,0.456,5.9,16.6,0.353,20.7,26.6,0.778,13.2,27.5,40.8,22.2,17.2,7.5,4.4,99.6,-4.7,0.20724094881398256
1996-97,1996,1610612745,Houston Rockets,82,57,25,0.695,37.0,79.1,0.468,8.2,22.4,0.365,18.3,24.3,0.755,11.3,31.3,42.6,24.5,16.6,8.4,4.2,100.6,4.5,0.2831858407079646
1996-97,1996,1610612754,Indiana Pacers,82,39,43,0.476,34.8,76.3,0.456,5.2,13.8,0.381,20.6,28.5,0.722,12.5,29.1,41.7,21.3,16.3,7.1,4.8,95.4,1.0,0.18086500655307997
1996-97,1996,1610612746,Los Angeles Clippers,82,36,46,0.439,36.5,81.7,0.446,5.8,16.3,0.354,18.5,25.3,0.731,13.3,27.3,40.7,20.3,16.0,8.9,5.4,97.2,-2.4,0.19951040391676866
1996-97,1996,1610612747,Los Angeles Lakers,82,56,26,0.683,36.8,81.0,0.454,6.7,18.3,0.367,19.7,28.4,0.692,13.3,29.4,42.8,22.5,14.9,9.0,7.0,100.0,4.3,0.22592592592592595
1996-97,1996,1610612748,Miami Heat,82,61,21,0.744,34.4,76.0,0.453,8.3,22.7,0.364,17.7,24.7,0.719,11.7,29.3,41.0,21.2,15.9,7.9,5.4,94.8,5.5,0.2986842105263158
1996-97,1996,1610612749,Milwaukee Bucks,82,33,49,0.402,36.2,76.9,0.471,4.0,11.2,0.352,19.0,25.7,0.741,11.6,27.6,39.2,19.6,15.7,7.7,4.2,95.3,-1.9,0.14564369310793235
1996-97,1996,1610612750,Minnesota Timberwolves,82,40,42,0.488,35.8,78.5,0.456,4.5,13.3,0.339,20.0,26.6,0.751,11.7,28.1,39.7,22.9,15.2,7.5,6.8,96.1,-1.5,0.1694267515923567
1996-97,1996,1610612751,New Jersey Nets,82,26,56,0.317,36.5,86.5,0.422,5.9,16.7,0.353,18.3,24.8,0.74,17.2,29.0,46.2,21.0,15.7,8.3,5.9,97.2,-4.6,0.1930635838150289
1996-97,1996,1610612752,New York Knicks,82,57,25,0.695,35.1,75.9,0.463,5.7,15.8,0.363,19.3,25.8,0.748,11.9,30.7,42.5,22.1,17.8,7.7,4.6,95.4,3.1,0.20816864295125165
1996-97,1996,1610612753,Orlando Magic,82,45,37,0.549,34.6,79.2,0.437,6.9,20.3,0.341,18.0,24.1,0.746,13.1,27.1,40.1,20.6,15.2,8.5,4.4,94.1,-0.4,0.2563131313131313
1996-97,1996,1610612755,Philadelphia 76ers,82,22,60,0.268,36.6,83.5,0.438,5.3,16.5,0.319,21.7,29.9,0.725,15.5,28.7,44.2,20.7,17.5,8.3,4.8,100.2,-6.5,0.19760479041916168
1996-97,1996,1610612756,Phoenix Suns,82,40,42,0.488,38.3,81.8,0.469,6.4,17.4,0.369,19.7,25.9,0.761,11.2,29.0,40.1,25.2,14.4,8.1,3.9,102.8,0.7,0.21271393643031783
1996-97,1996,1610612757,Portland Trail Blazers,82,49,33,0.598,36.6,78.8,0.464,6.1,17.1,0.358,19.7,27.6,0.713,12.9,30.4,43.3,20.8,16.5,7.8,5.3,99.0,4.2,0.217005076142132
1996-97,1996,1610612758,Sacramento Kings,82,34,48,0.415,36.6,80.6,0.454,5.0,12.9,0.391,18.2,25.2,0.723,13.4,28.1,41.5,21.9,16.2,7.2,4.4,96.4,-3.9,0.1600496277915633
1996-97,1996,1610612759,San Antonio Spurs,82,20,62,0.244,34.5,77.9,0.442,4.6,14.4,0.32,16.9,23.5,0.719,13.4,26.0,39.4,20.3,15.2,7.9,5.3,90.5,-7.9,0.18485237483953787
1996-97,1996,1610612760,Seattle SuperSonics,82,57,25,0.695,36.5,78.2,0.467,6.8,19.3,0.353,21.0,28.0,0.752,12.3,27.7,40.0,23.5,15.0,11.0,4.7,100.9,7.7,0.24680306905370844
1996-97,1996,1610612761,Toronto Raptors,82,30,52,0.366,35.3,80.9,0.437,7.2,19.8,0.363,17.6,24.5,0.72,13.8,27.5,41.3,20.9,16.4,8.8,6.3,95.5,-3.1,0.24474660074165636
1996-97,1996,1610612762,Utah Jazz,82,64,18,0.78,38.2,75.8,0.504,4.1,11.0,0.37,22.7,29.5,0.769,10.8,29.4,40.2,26.8,15.4,9.1,5.1,103.1,8.8,0.14511873350923482
1996-97,1996,1610612763,Vancouver Grizzlies,82,14,68,0.171,34.4,78.7,0.437,5.4,15.5,0.349,15.0,21.1,0.709,12.5,26.3,38.8,22.7,15.9,8.0,5.7,89.2,-10.2,0.19695044472681067
1996-97,1996,1610612764,Washington Bullets,82,44,38,0.537,39.1,81.4,0.48,4.0,12.2,0.331,17.1,24.1,0.707,12.3,29.5,41.8,23.4,15.7,8.7,4.9,99.4,1.6,0.14987714987714987
1997-98,1997,1610612737,Atlanta Hawks,82,50,32,0.61,35.2,77.5,0.455,4.1,12.4,0.332,21.3,28.2,0.756,13.5,29.5,43.0,19.1,14.8,7.9,6.0,95.9,3.5,0.16
1997-98,1997,1610612738,Boston Celtics,82,36,46,0.439,36.7,84.6,0.434,5.1,15.2,0.332,17.4,24.0,0.726,14.6,24.9,39.5,22.1,16.2,12.0,4.5,95.9,-2.6,0.17966903073286053
1997-98,1997,1610612766,Charlotte Hornets,82,51,31,0.622,36.2,77.4,0.468,4.2,11.0,0.383,20.0,26.7,0.751,12.0,28.5,40.6,23.7,15.2,8.4,3.8,96.6,2.0,0.1421188630490956
1997-98,1997,1610612741,Chicago Bulls,82,62,20,0.756,37.4,82.9,0.451,3.8,11.7,0.323,18.2,24.5,0.743,15.2,29.7,44.9,23.8,14.4,8.5,4.3,96.7,7.1,0.14113389626055486
1997-98,1997,1610612739,Cleveland Cavaliers,82,47,35,0.573,34.4,75.7,0.454,3.6,9.8,0.372,20.2,26.7,0.756,11.6,28.4,40.1,23.1,17.3,9.9,5.1,92.5,2.7,0.12945838837516513
1997-98,1997,1610612742,Dallas Mavericks,82,20,62,0.244,35.1,82.4,0.427,5.1,14.4,0.357,16.0,21.2,0.753,12.3,27.8,40.1,18.7,14.4,7.9,5.7,91.4,-6.1,0.17475728155339806
1997-98,1997,1610612743,Denver Nuggets,82,11,71,0.134,32.6,78.2,0.418,3.5,10.9,0.323,20.2,26.2,0.772,12.7,26.3,39.0,18.9,16.0,8.1,4.8,89.0,-11.8,0.13938618925831203
1997-98,1997,1610612765,Detroit Pistons,82,37,45,0.451,34.9,77.7,0.449,3.6,11.4,0.312,20.8,27.9,0.745,12.7,28.5,41.2,19.5,14.6,8.3,4.2,94.2,1.6,0.14671814671814673
1997-98,1997,1610612744,Golden State Warriors,82,19,63,0.232,34.7,83.9,0.413,2.3,8.5,0.272,16.6,23.3,0.71,15.7,30.2,45.9,20.8,16.7,7.6,5.5,88.3,-9.1,0.10131108462455303
1997-98,1997,1610612745,Houston Rockets,82,41,41,0.5,35.9,79.4,0.452,7.0,20.4,0.343,19.9,25.9,0.771,12.0,28.7,40.7,21.9,15.8,8.4,3.6,98.8,-0.8,0.2569269521410579
1997-98,1997,1610612754,Indiana Pacers,82,58,24,0.707,35.6,75.9,0.469,4.9,12.5,0.39,19.9,26.0,0.764,10.7,28.6,39.3,23.0,14.2,7.9,4.5,96.0,6.1,0.1646903820816864
1997-98,1997,1610612746,Los Angeles Clippers,82,17,65,0.207,35.7,81.6,0.438,6.4,17.9,0.358,18.0,25.0,0.723,12.7,27.8,40.4,18.7,16.1,7.6,5.6,95.9,-7.4,0.2193627450980392
1997-98,1997,1610612747,Los Angeles Lakers,82,61,21,0.744,38.4,79.7,0.481,6.1,17.3,0.351,22.7,33.5,0.679,13.2,30.1,43.3,24.5,15.3,9.0,6.8,105.5,7.7,0.21706398996235884
1997-98,1997,1610612748,Miami Heat,82,55,27,0.671,34.8,77.2,0.45,6.7,18.8,0.355,18.8,25.4,0.739,12.5,29.5,42.0,21.4,15.0,8.1,5.2,95.0,4.9,0.24352331606217617
1997-98,1997,1610612749,Milwaukee Bucks,82,36,46,0.439,35.6,78.0,0.456,3.0,8.6,0.354,20.3,26.4,0.767,12.6,27.3,39.9,20.1,16.9,8.9,4.4,94.5,-1.9,0.11025641025641025
1997-98,1997,1610612750,Minnesota Timberwolves,82,45,37,0.549,38.5,83.5,0.461,3.7,10.6,0.347,20.4,27.5,0.743,13.0,29.6,42.6,25.2,13.9,7.8,5.2,101.1,0.7,0.12694610778443113
1997-98,1997,1610612751,New Jersey Nets,82,43,39,0.524,37.3,84.5,0.441,3.8,11.4,0.331,21.3,28.7,0.744,16.4,26.1,42.5,20.5,14.4,9.5,3.8,99.6,1.6,0.1349112426035503
1997-98,1997,1610612752,New York Knicks,82,43,39,0.524,34.9,78.2,0.447,4.7,13.9,0.335,17.1,22.1,0.772,11.9,29.7,41.6,21.8,15.2,7.7,3.4,91.6,2.5,0.17774936061381075
1997-98,1997,1610612753,Orlando Magic,82,41,41,0.5,33.8,78.7,0.429,3.6,11.1,0.323,18.9,26.1,0.726,14.4,26.9,41.2,20.7,15.3,7.9,5.4,90.1,-1.1,0.14104193138500634
1997-98,1997,1610612755,Philadelphia 76ers,82,31,51,0.378,34.6,78.2,0.443,3.0,9.9,0.3,21.1,28.7,0.737,13.7,28.0,41.7,21.1,16.5,8.9,6.0,93.3,-2.4,0.1265984654731458
1997-98,1997,1610612756,Phoenix Suns,82,56,26,0.683,38.3,81.8,0.468,5.3,14.8,0.356,17.8,23.8,0.749,12.1,29.9,42.0,25.9,15.1,9.2,5.2,99.6,5.2,0.18092909535452326
1997-98,1997,1610612757,Portland Trail Blazers,82,46,36,0.561,35.2,78.0,0.451,4.0,12.8,0.309,20.0,27.1,0.737,13.2,30.8,44.0,21.5,16.9,7.1,5.7,94.3,1.4,0.1641025641025641
1997-98,1997,1610612758,Sacramento Kings,82,27,55,0.329,36.1,81.5,0.442,3.5,9.8,0.351,17.6,25.6,0.687,13.3,28.1,41.4,22.4,15.5,7.3,5.1,93.1,-5.6,0.12024539877300615
1997-98,1997,1610612759,San Antonio Spurs,82,56,26,0.683,35.3,75.5,0.468,3.7,10.5,0.35,18.2,26.4,0.688,12.0,32.2,44.2,22.4,16.1,6.3,6.9,92.5,4.0,0.1390728476821192
1997-98,1997,1610612760,Seattle SuperSonics,82,61,21,0.744,37.2,78.8,0.473,7.6,19.2,0.395,18.5,25.7,0.721,11.4,27.1,38.5,24.2,14.0,9.8,4.6,100.6,7.2,0.2436548223350254
1997-98,1997,1610612761,Toronto Raptors,82,16,66,0.195,36.2,83.1,0.435,4.5,13.2,0.343,18.0,25.1,0.718,14.5,26.2,40.7,21.3,16.7,9.4,8.1,94.9,-9.3,0.1588447653429603
1997-98,1997,1610612762,Utah Jazz,82,62,20,0.756,36.5,74.5,0.49,3.0,8.2,0.372,24.9,32.2,0.773,11.7,29.3,41.1,25.2,15.4,7.9,5.0,101.0,6.5,0.11006711409395972
1997-98,1997,1610612763,Vancouver Grizzlies,82,19,63,0.232,36.7,80.1,0.458,4.0,11.0,0.362,19.3,26.2,0.739,13.2,28.2,41.4,23.9,17.1,7.5,4.3,96.6,-7.3,0.1373283395755306
1997-98,1997,1610612764,Washington Wizards,82,42,40,0.512,37.6,83.1,0.452,3.9,11.5,0.339,18.2,26.3,0.691,13.7,28.5,42.2,23.2,14.1,8.4,4.6,97.2,0.6,0.13838748495788208
1998-99,1998,1610612737,Atlanta Hawks,50,31,19,0.62,30.8,75.2,0.409,3.9,12.9,0.306,20.8,28.4,0.731,13.5,30.0,43.5,15.6,14.9,6.9,5.2,86.3,2.9,0.17154255319148937
1998-99,1998,1610612738,Boston Celtics,50,19,31,0.38,36.3,83.3,0.436,5.5,15.2,0.36,14.9,21.5,0.692,13.6,29.2,42.8,21.5,16.1,9.1,5.1,93.0,-1.9,0.18247298919567828
1998-99,1998,1610612766,Charlotte Hornets,50,26,24,0.52,33.4,74.4,0.449,5.4,14.7,0.365,20.7,27.7,0.747,9.6,29.9,39.5,22.2,15.9,8.9,4.9,92.9,-0.1,0.19758064516129029
1998-99,1998,1610612741,Chicago Bulls,50,13,37,0.26,30.8,76.7,0.401,3.5,12.2,0.29,16.8,23.7,0.709,11.5,27.9,39.3,20.3,15.5,8.7,3.4,81.9,-9.5,0.15906127770534548
1998-99,1998,1610612739,Cleveland Cavaliers,50,22,28,0.44,31.2,71.2,0.439,3.6,10.7,0.341,20.3,27.1,0.749,9.4,26.3,35.8,21.9,15.7,9.0,4.1,86.4,-1.7,0.15028089887640447
1998-99,1998,1610612742,Dallas Mavericks,50,19,31,0.38,35.0,80.7,0.434,4.0,11.9,0.339,17.6,24.2,0.728,12.9,29.6,42.5,18.4,13.8,7.0,5.8,91.6,-2.4,0.14745972738537794
1998-99,1998,1610612743,Denver Nuggets,50,14,36,0.28,33.6,79.8,0.421,6.0,18.4,0.328,20.2,26.5,0.762,12.9,27.8,40.8,19.4,14.8,7.5,5.5,93.5,-6.6,0.23057644110275688
1998-99,1998,1610612765,Detroit Pistons,50,29,21,0.58,33.2,74.3,0.447,5.0,13.6,0.365,19.0,25.7,0.74,12.1,28.2,40.3,20.2,15.8,8.9,4.2,90.4,3.4,0.18304172274562586
1998-99,1998,1610612744,Golden State Warriors,50,21,29,0.42,34.6,83.5,0.415,3.2,11.3,0.287,15.9,23.5,0.676,16.3,31.2,47.5,20.7,15.4,8.3,4.4,88.3,-2.5,0.13532934131736526
1998-99,1998,1610612745,Houston Rockets,50,31,19,0.62,35.1,76.0,0.462,6.7,18.3,0.368,17.3,23.7,0.729,10.7,30.8,41.5,21.2,16.2,7.7,5.2,94.2,2.3,0.24078947368421053
1998-99,1998,1610612754,Indiana Pacers,50,33,17,0.66,34.6,77.3,0.448,5.9,16.0,0.368,19.5,24.6,0.796,11.5,29.0,40.5,20.1,13.0,6.3,4.5,94.7,3.7,0.2069857697283312
1998-99,1998,1610612746,Los Angeles Clippers,50,9,41,0.18,34.2,80.1,0.427,4.3,13.4,0.32,17.7,24.5,0.721,13.3,25.9,39.2,16.4,15.9,8.5,4.7,90.4,-8.8,0.16729088639201
1998-99,1998,1610612747,Los Angeles Lakers,50,31,19,0.62,36.8,78.7,0.468,4.8,13.7,0.352,20.5,30.1,0.683,12.3,29.6,42.0,21.9,15.1,7.8,5.7,99.0,3.0,0.17407878017789072
1998-99,1998,1610612748,Miami Heat,50,33,17,0.66,32.3,71.3,0.453,5.8,16.1,0.359,18.6,25.2,0.735,10.1,30.2,40.3,20.4,14.9,6.5,6.1,89.0,5.0,0.22580645161290325
1998-99,1998,1610612749,Milwaukee Bucks,50,28,22,0.56,35.1,76.4,0.459,4.6,12.4,0.373,16.9,23.1,0.733,11.4,27.4,38.8,20.6,14.4,8.8,4.0,91.7,1.7,0.16230366492146597
1998-99,1998,1610612750,Minnesota Timberwolves,50,25,25,0.5,36.8,86.5,0.425,2.4,8.2,0.298,17.0,22.9,0.743,15.1,27.8,42.9,24.4,12.8,8.5,5.4,92.9,0.4,0.09479768786127167
1998-99,1998,1610612751,New Jersey Nets,50,16,34,0.32,33.8,83.2,0.406,4.5,13.6,0.331,19.2,25.0,0.769,14.3,28.7,43.0,18.5,15.0,9.8,5.5,91.4,-3.8,0.16346153846153846
1998-99,1998,1610612752,New York Knicks,50,27,23,0.54,32.2,74.1,0.435,4.2,11.8,0.353,17.8,24.4,0.732,11.0,30.2,41.2,19.3,16.1,7.9,5.2,86.4,1.0,0.15924426450742243
1998-99,1998,1610612753,Orlando Magic,50,33,17,0.66,33.7,78.9,0.428,4.5,13.5,0.33,17.5,25.0,0.7,13.8,28.9,42.7,21.3,16.4,9.9,4.3,89.5,2.6,0.17110266159695817
1998-99,1998,1610612755,Philadelphia 76ers,50,28,22,0.56,33.1,77.7,0.426,2.0,7.4,0.264,21.5,29.7,0.722,14.6,28.6,43.1,18.7,16.4,10.8,5.4,89.7,2.1,0.09523809523809523
1998-99,1998,1610612756,Phoenix Suns,50,27,23,0.54,35.9,80.1,0.449,5.2,14.0,0.372,18.5,24.3,0.76,12.0,28.4,40.3,25.0,13.6,8.9,4.0,95.6,2.3,0.17478152309612985
1998-99,1998,1610612757,Portland Trail Blazers,50,35,15,0.7,34.9,79.1,0.442,4.9,13.5,0.364,20.0,27.0,0.743,12.9,31.4,44.3,21.5,15.4,8.2,5.8,94.8,6.4,0.1706700379266751
1998-99,1998,1610612758,Sacramento Kings,50,27,23,0.54,38.4,86.1,0.445,5.8,18.9,0.308,17.7,25.9,0.683,14.1,31.5,45.6,22.6,16.8,8.9,4.6,100.2,-0.4,0.21951219512195122
1998-99,1998,1610612759,San Antonio Spurs,50,37,13,0.74,34.8,76.2,0.456,3.4,10.4,0.33,19.8,28.3,0.698,12.3,31.7,44.0,22.0,15.2,8.4,7.0,92.8,8.1,0.13648293963254593
1998-99,1998,1610612760,Seattle SuperSonics,50,25,25,0.5,35.1,79.5,0.442,6.2,18.0,0.344,18.4,27.1,0.681,13.5,28.4,42.0,21.7,15.3,7.9,4.0,94.9,-1.1,0.22641509433962265
1998-99,1998,1610612761,Toronto Raptors,50,23,27,0.46,33.2,78.8,0.421,4.5,13.2,0.341,20.2,26.6,0.76,14.2,28.9,43.2,20.7,16.0,8.8,6.4,91.1,-1.6,0.16751269035532995
1998-99,1998,1610612762,Utah Jazz,50,37,13,0.74,33.7,72.4,0.465,2.8,7.8,0.361,23.2,30.2,0.767,11.1,30.2,41.3,24.1,16.3,8.0,5.5,93.3,6.5,0.10773480662983424
1998-99,1998,1610612763,Vancouver Grizzlies,50,8,42,0.16,32.9,76.8,0.428,3.0,9.1,0.327,20.2,28.2,0.717,13.0,27.2,40.2,19.3,17.0,8.4,4.0,88.9,-8.7,0.11848958333333333
1998-99,1998,1610612764,Washington Wizards,50,18,32,0.36,35.4,79.4,0.445,3.6,11.6,0.309,16.9,24.0,0.705,11.9,28.1,40.0,21.3,14.7,7.9,3.9,91.2,-2.2,0.14609571788413098
1999-00,1999,1610612737,Atlanta Hawks,82,28,54,0.341,36.6,83.0,0.441,3.1,9.9,0.317,18.0,24.2,0.743,14.0,31.3,45.3,18.9,15.4,6.1,5.6,94.3,-5.4,0.11927710843373494
1999-00,1999,1610612738,Boston Celtics,82,35,47,0.427,37.2,83.9,0.444,5.1,15.4,0.331,19.8,26.5,0.745,13.5,29.5,43.0,21.2,15.4,9.7,3.5,99.3,-0.8,0.1835518474374255
1999-00,1999,1610612766,Charlotte Hornets,82,49,33,0.598,35.8,79.7,0.449,4.1,12.2,0.339,22.7,30.0,0.758,10.8,32.1,42.9,24.7,14.7,8.9,5.9,98.4,2.7,0.15307402760351316
1999-00,1999,1610612741,Chicago Bulls,82,17,65,0.207,31.3,75.4,0.415,4.1,12.6,0.329,18.1,25.5,0.709,12.6,28.3,40.9,20.0,19.0,7.9,4.7,84.8,-9.4,0.16710875331564984
1999-00,1999,1610612739,Cleveland Cavaliers,82,32,50,0.39,36.3,82.1,0.442,4.2,11.2,0.373,20.2,26.9,0.75,12.3,30.5,42.8,23.7,17.4,8.7,4.4,97.0,-3.5,0.1364190012180268
1999-00,1999,1610612742,Dallas Mavericks,82,40,42,0.488,39.0,85.9,0.453,6.3,16.2,0.391,17.2,21.4,0.804,11.4,29.8,41.2,22.1,13.7,7.2,5.1,101.4,-0.6,0.18859138533178113
1999-00,1999,1610612743,Denver Nuggets,82,35,47,0.427,37.3,84.3,0.442,5.7,17.0,0.336,18.7,25.8,0.724,13.1,31.6,44.7,23.3,15.6,6.8,7.5,99.0,-2.1,0.20166073546856467
1999-00,1999,1610612765,Detroit Pistons,82,42,40,0.512,37.1,80.9,0.459,5.4,14.9,0.359,23.9,30.6,0.781,11.2,30.0,41.2,20.8,15.7,8.1,3.3,103.5,1.4,0.1841779975278121
1999-00,1999,1610612744,Golden State Warriors,82,19,63,0.232,36.5,87.1,0.42,4.2,13.0,0.323,18.3,26.2,0.697,15.9,29.7,45.6,22.6,15.9,8.9,4.3,95.5,-8.3,0.1492537313432836
1999-00,1999,1610612745,Houston Rockets,82,34,48,0.415,36.6,81.3,0.45,7.1,19.8,0.358,19.2,26.2,0.733,12.3,31.5,43.8,21.6,17.4,7.5,5.3,99.5,-0.9,0.24354243542435425
1999-00,1999,1610612754,Indiana Pacers,82,56,26,0.683,37.2,81.0,0.459,7.1,18.1,0.392,19.9,24.5,0.811,10.3,31.9,42.1,22.6,14.1,6.8,5.1,101.3,4.6,0.22345679012345682
1999-00,1999,1610612746,Los Angeles Clippers,82,15,67,0.183,35.1,82.4,0.426,5.2,15.5,0.339,16.6,22.3,0.746,11.6,29.0,40.6,18.0,16.2,7.0,6.0,92.0,-11.5,0.18810679611650485
1999-00,1999,1610612747,Los Angeles Lakers,82,67,15,0.817,38.3,83.4,0.459,4.2,12.8,0.329,20.1,28.9,0.696,13.6,33.4,47.0,23.4,13.9,7.5,6.5,100.8,8.5,0.15347721822541965
1999-00,1999,1610612748,Miami Heat,82,52,30,0.634,36.3,78.8,0.46,5.4,14.7,0.371,16.4,22.3,0.736,11.2,31.9,43.2,23.5,15.0,7.1,6.4,94.4,3.1,0.1865482233502538
1999-00,1999,1610612749,Milwaukee Bucks,82,42,40,0.512,38.7,83.3,0.465,4.8,13.0,0.369,19.0,24.2,0.786,12.4,28.9,41.3,22.6,15.0,8.2,4.6,101.2,0.2,0.156062424969988
1999-00,1999,1610612750,Minnesota Timberwolves,82,50,32,0.61,39.3,84.3,0.467,3.0,8.7,0.346,16.8,21.6,0.78,12.4,30.1,42.5,26.9,13.9,7.6,5.4,98.5,2.5,0.10320284697508897
1999-00,1999,1610612751,New Jersey Nets,82,31,51,0.378,36.3,83.9,0.433,5.8,16.8,0.347,19.5,24.9,0.784,12.7,28.2,40.9,20.6,13.6,8.8,4.8,98.0,-1.0,0.200238379022646
1999-00,1999,1610612752,New York Knicks,82,50,32,0.61,35.3,77.7,0.455,4.3,11.4,0.375,17.2,22.0,0.781,9.8,30.7,40.5,19.4,14.6,6.3,4.3,92.1,1.5,0.14671814671814673
1999-00,1999,1610612753,Orlando Magic,82,41,41,0.5,38.6,85.5,0.452,3.6,10.6,0.338,19.2,26.1,0.735,14.0,31.0,44.9,20.8,17.6,9.1,5.7,100.1,0.7,0.1239766081871345
1999-00,1999,1610612755,Philadelphia 76ers,82,49,33,0.598,36.5,82.6,0.442,2.5,7.8,0.323,19.2,27.1,0.708,14.0,30.1,44.1,22.2,15.7,9.6,4.7,94.8,1.3,0.09443099273607748
1999-00,1999,1610612756,Phoenix Suns,82,53,29,0.646,37.7,82.6,0.457,5.6,15.2,0.368,17.9,23.6,0.759,12.5,31.2,43.7,25.6,16.7,9.1,5.3,98.9,5.2,0.18401937046004843
1999-00,1999,1610612757,Portland Trail Blazers,82,59,23,0.72,36.8,78.4,0.47,5.0,13.8,0.361,18.8,24.7,0.76,11.8,31.2,43.0,23.5,15.2,7.7,4.8,97.5,6.4,0.1760204081632653
1999-00,1999,1610612758,Sacramento Kings,82,44,38,0.537,40.0,88.9,0.45,6.5,20.2,0.322,18.5,24.6,0.754,12.9,32.1,45.0,23.8,16.2,9.6,4.6,105.0,2.9,0.22722159730033745
1999-00,1999,1610612759,San Antonio Spurs,82,53,29,0.646,36.0,78.0,0.462,4.0,10.8,0.374,20.1,27.0,0.746,11.3,32.5,43.8,22.2,15.0,7.5,6.7,96.2,5.9,0.13846153846153847
1999-00,1999,1610612760,Seattle SuperSonics,82,45,37,0.549,37.9,84.7,0.447,6.7,19.6,0.339,16.6,23.9,0.695,12.7,30.3,43.0,22.9,14.0,8.0,4.2,99.1,1.0,0.23140495867768596
1999-00,1999,1610612761,Toronto Raptors,82,45,37,0.549,36.3,83.9,0.433,5.2,14.3,0.363,19.3,25.2,0.765,13.4,29.9,43.3,23.7,13.9,8.1,6.6,97.2,-0.2,0.17044100119189512
1999-00,1999,1610612762,Utah Jazz,82,55,27,0.671,36.1,77.8,0.464,4.0,10.4,0.385,20.3,26.2,0.773,11.4,29.6,41.0,24.9,14.9,7.7,5.4,96.5,4.5,0.13367609254498716
1999-00,1999,1610612763,Vancouver Grizzlies,82,22,60,0.268,35.3,78.5,0.449,4.0,11.0,0.361,19.4,25.1,0.774,12.3,28.3,40.6,20.7,16.8,7.4,4.2,93.9,-5.6,0.14012738853503184
1999-00,1999,1610612764,Washington Wizards,82,29,53,0.354,36.7,81.5,0.451,4.1,10.9,0.376,19.1,25.7,0.743,13.0,29.7,42.7,21.6,16.1,7.2,4.7,96.6,-3.3,0.13374233128834356
2000-01,2000,1610612737,Atlanta Hawks,82,25,57,0.305,35.1,81.3,0.431,4.1,11.4,0.357,16.8,22.1,0.759,12.5,30.4,42.9,19.0,16.7,7.7,4.7,91.0,-5.2,0.14022140221402216
2000-01,2000,1610612738,Boston Celtics,82,36,46,0.439,33.8,79.1,0.428,7.2,19.9,0.363,19.8,26.7,0.74,10.9,28.9,39.8,20.8,15.7,9.4,4.1,94.6,-2.1,0.2515802781289507
2000-01,2000,1610612766,Charlotte Hornets,82,46,36,0.561,34.1,79.3,0.431,4.1,12.0,0.346,19.5,26.2,0.745,12.6,31.8,44.4,23.2,14.4,8.1,5.5,91.9,2.1,0.15132408575031525
2000-01,2000,1610612741,Chicago Bulls,82,15,67,0.183,33.2,78.2,0.424,4.0,11.6,0.346,17.2,23.3,0.739,11.3,27.6,38.9,22.1,15.8,8.2,4.6,87.6,-9.1,0.1483375959079284
2000-01,2000,1610612739,Cleveland Cavaliers,82,30,52,0.366,35.2,79.7,0.442,2.7,8.0,0.334,19.0,24.9,0.765,12.4,29.8,42.1,20.8,16.5,7.8,5.3,92.2,-4.2,0.10037641154328733
2000-01,2000,1610612742,Dallas Mavericks,82,53,29,0.646,37.6,81.9,0.459,6.3,16.5,0.381,18.9,23.8,0.794,10.1,31.4,41.5,21.2,13.9,7.5,6.0,100.5,4.3,0.20146520146520144
2000-01,2000,1610612743,Denver Nuggets,82,40,42,0.488,36.3,83.9,0.433,6.2,17.6,0.355,17.7,24.0,0.737,12.7,31.5,44.2,24.0,13.9,6.7,6.6,96.6,-2.5,0.2097735399284863
2000-01,2000,1610612765,Detroit Pistons,82,32,50,0.39,35.6,83.9,0.424,4.7,13.6,0.35,19.6,27.2,0.721,13.5,32.0,45.5,19.9,15.9,7.5,5.5,95.6,-1.7,0.16209773539928485
2000-01,2000,1610612744,Golden State Warriors,82,17,65,0.207,35.8,87.5,0.409,3.4,11.8,0.293,17.4,24.7,0.706,16.4,29.1,45.5,21.8,15.9,9.0,5.0,92.5,-9.0,0.13485714285714287
2000-01,2000,1610612745,Houston Rockets,82,45,37,0.549,35.9,79.2,0.453,6.1,17.2,0.357,19.3,25.4,0.758,11.2,30.8,42.0,19.7,14.7,7.2,4.4,97.2,2.3,0.21717171717171715
2000-01,2000,1610612754,Indiana Pacers,82,41,41,0.5,34.5,78.4,0.44,4.8,14.1,0.342,18.8,24.5,0.766,11.2,31.6,42.9,21.5,15.2,6.9,5.9,92.6,-0.2,0.1798469387755102
2000-01,2000,1610612746,Los Angeles Clippers,82,31,51,0.378,35.3,78.9,0.448,4.4,13.0,0.339,17.4,25.1,0.693,11.7,31.2,42.9,19.3,15.8,6.0,6.3,92.5,-2.9,0.164765525982256
2000-01,2000,1610612747,Los Angeles Lakers,82,56,26,0.683,37.9,81.5,0.465,5.4,15.5,0.344,19.4,28.5,0.683,13.2,31.5,44.7,23.0,14.4,6.9,6.0,100.6,3.4,0.1901840490797546
2000-01,2000,1610612748,Miami Heat,82,50,32,0.61,32.9,76.3,0.43,5.8,16.9,0.345,17.4,22.9,0.759,9.9,29.7,39.6,19.9,13.7,7.7,3.7,88.9,2.3,0.22149410222804716
2000-01,2000,1610612749,Milwaukee Bucks,82,52,30,0.634,38.0,82.9,0.458,6.9,18.1,0.379,18.0,22.9,0.787,11.9,30.5,42.4,22.5,13.7,8.2,4.7,100.7,3.9,0.21833534378769603
2000-01,2000,1610612750,Minnesota Timberwolves,82,47,35,0.573,38.4,83.8,0.458,3.9,11.0,0.357,16.6,21.2,0.785,12.2,30.1,42.3,25.4,13.9,8.3,5.6,97.3,1.4,0.13126491646778043
2000-01,2000,1610612751,New Jersey Nets,82,26,56,0.317,33.9,79.9,0.425,4.4,13.2,0.333,19.9,26.2,0.759,11.1,28.5,39.6,19.5,14.7,7.9,5.0,92.1,-5.0,0.16520650813516893
2000-01,2000,1610612752,New York Knicks,82,48,34,0.585,33.6,75.6,0.444,4.8,13.6,0.351,16.8,21.1,0.796,9.4,30.8,40.2,18.5,14.5,6.6,4.2,88.7,2.6,0.1798941798941799
2000-01,2000,1610612753,Orlando Magic,82,43,39,0.524,36.7,83.8,0.438,6.0,16.4,0.364,18.0,25.2,0.714,13.0,29.9,42.9,22.0,15.2,8.2,5.9,97.5,1.0,0.19570405727923626
2000-01,2000,1610612755,Philadelphia 76ers,82,56,26,0.683,35.4,79.1,0.447,3.2,9.8,0.326,20.7,27.8,0.745,13.1,31.7,44.8,20.6,15.8,8.4,5.0,94.7,4.3,0.12389380530973453
2000-01,2000,1610612756,Phoenix Suns,82,51,31,0.622,35.9,82.4,0.436,4.0,12.9,0.315,18.2,24.1,0.755,11.8,30.8,42.7,23.2,15.3,9.5,5.2,94.0,2.2,0.1565533980582524
2000-01,2000,1610612757,Portland Trail Blazers,82,50,32,0.61,36.6,78.3,0.468,4.5,12.9,0.349,17.6,23.2,0.762,11.7,30.3,42.0,23.9,15.3,8.2,5.1,95.4,4.2,0.16475095785440613
2000-01,2000,1610612758,Sacramento Kings,82,55,27,0.671,38.2,85.0,0.449,5.8,16.5,0.354,19.5,25.3,0.771,12.0,33.0,45.0,22.6,14.9,9.7,5.3,101.7,5.8,0.19411764705882353
2000-01,2000,1610612759,San Antonio Spurs,82,58,24,0.707,35.2,76.4,0.461,5.4,13.3,0.407,20.4,28.5,0.715,11.0,33.1,44.1,21.7,14.0,6.9,7.0,96.2,7.8,0.17408376963350786
2000-01,2000,1610612760,Seattle SuperSonics,82,44,38,0.537,36.9,81.1,0.456,5.7,14.3,0.399,17.7,24.2,0.732,12.2,29.5,41.7,21.9,15.3,8.0,5.0,97.3,0.0,0.17632552404438967
2000-01,2000,1610612761,Toronto Raptors,82,47,35,0.573,37.2,85.0,0.437,5.2,14.2,0.369,18.1,24.2,0.747,13.6,30.8,44.5,24.4,13.2,7.3,6.3,97.6,2.3,0.16705882352941176
2000-01,2000,1610612762,Utah Jazz,82,53,29,0.646,36.1,76.7,0.471,4.0,10.4,0.381,20.9,27.8,0.752,11.5,29.1,40.6,25.7,15.8,8.1,5.6,97.1,4.7,0.13559322033898305
2000-01,2000,1610612763,Vancouver Grizzlies,82,23,59,0.28,35.0,79.7,0.439,4.0,11.5,0.343,17.8,23.1,0.77,10.9,29.6,40.5,23.2,15.7,7.1,4.4,91.7,-5.7,0.14429109159347553
2000-01,2000,1610612764,Washington Wizards,82,19,63,0.232,34.5,78.7,0.439,3.4,10.3,0.324,20.8,27.4,0.759,12.4,28.9,41.3,20.1,17.0,7.7,4.7,93.2,-6.7,0.13087674714104194
2001-02,2001,1610612737,Atlanta Hawks,82,33,49,0.402,35.4,80.6,0.439,5.2,14.6,0.354,18.1,23.7,0.765,11.6,29.8,41.5,20.2,15.5,8.1,4.3,94.0,-4.2,0.18114143920595535
2001-02,2001,1610612738,Boston Celtics,82,49,33,0.598,34.8,82.1,0.424,8.5,23.7,0.359,18.3,23.9,0.764,10.9,31.3,42.2,21.0,13.6,9.7,3.6,96.4,2.2,0.28867235079171744
2001-02,2001,1610612766,Charlotte Hornets,82,44,38,0.537,35.3,80.2,0.44,4.2,12.1,0.348,19.1,25.7,0.745,12.9,30.5,43.5,21.5,14.0,8.0,5.6,93.9,1.0,0.1508728179551122
2001-02,2001,1610612741,Chicago Bulls,82,21,61,0.256,34.3,79.2,0.433,3.7,10.6,0.346,17.2,23.9,0.722,11.3,28.8,40.0,22.2,15.3,7.7,4.4,89.5,-8.5,0.13383838383838384
2001-02,2001,1610612739,Cleveland Cavaliers,82,29,53,0.354,36.0,80.3,0.448,4.7,12.5,0.377,18.6,24.1,0.772,11.8,30.3,42.1,23.1,14.6,7.0,5.7,95.3,-3.3,0.15566625155666253
2001-02,2001,1610612742,Dallas Mavericks,82,57,25,0.695,39.0,84.5,0.462,7.6,20.1,0.378,19.6,24.3,0.806,11.2,31.3,42.5,22.1,12.1,7.1,4.8,105.2,4.3,0.2378698224852071
2001-02,2001,1610612743,Denver Nuggets,82,27,55,0.329,35.5,83.8,0.424,5.2,15.7,0.329,15.9,21.4,0.744,13.6,28.2,41.8,22.2,14.7,7.5,5.6,92.2,-5.8,0.1873508353221957
2001-02,2001,1610612765,Detroit Pistons,82,50,32,0.61,34.7,76.8,0.452,6.9,18.4,0.376,18.0,23.8,0.756,9.9,28.9,38.7,21.5,14.5,7.9,6.9,94.3,2.1,0.23958333333333331
2001-02,2001,1610612744,Golden State Warriors,82,21,61,0.256,36.6,85.2,0.429,3.9,12.1,0.322,20.6,28.6,0.722,16.3,30.4,46.7,20.8,16.8,7.9,6.4,97.7,-5.4,0.142018779342723
2001-02,2001,1610612745,Houston Rockets,82,28,54,0.341,34.6,80.8,0.428,6.0,18.0,0.335,17.1,23.1,0.741,12.5,29.4,41.9,18.1,14.1,6.5,5.4,92.3,-4.9,0.22277227722772278
2001-02,2001,1610612754,Indiana Pacers,82,42,40,0.512,35.8,80.2,0.446,4.9,14.6,0.339,20.3,26.3,0.772,11.3,31.3,42.7,23.0,15.2,8.0,5.3,96.8,0.3,0.18204488778054861
2001-02,2001,1610612746,Los Angeles Clippers,82,39,43,0.476,36.2,81.3,0.445,5.0,14.0,0.356,18.3,24.7,0.739,13.2,30.2,43.4,20.9,14.8,6.2,6.6,95.7,-0.5,0.17220172201722017
2001-02,2001,1610612747,Los Angeles Lakers,82,58,24,0.707,38.4,83.4,0.461,6.2,17.5,0.354,18.2,26.1,0.699,12.5,31.8,44.3,23.0,12.7,7.6,5.8,101.3,7.1,0.20983213429256592
2001-02,2001,1610612763,Memphis Grizzlies,82,23,59,0.28,34.8,79.7,0.436,4.1,13.4,0.307,16.3,23.0,0.708,12.0,29.4,41.4,21.8,16.4,7.9,6.0,89.9,-7.4,0.16813048933500627
2001-02,2001,1610612748,Miami Heat,82,36,46,0.439,34.2,77.8,0.439,3.8,11.0,0.347,15.1,20.8,0.724,11.0,31.0,42.0,20.3,14.8,6.7,5.5,87.2,-1.5,0.14138817480719795
2001-02,2001,1610612749,Milwaukee Bucks,82,41,41,0.5,37.1,80.2,0.462,7.2,19.3,0.375,16.1,21.5,0.748,10.3,31.2,41.4,22.5,14.1,7.3,4.7,97.5,-0.2,0.24064837905236908
2001-02,2001,1610612750,Minnesota Timberwolves,82,50,32,0.61,38.7,84.0,0.461,4.8,12.8,0.378,17.1,21.4,0.798,12.9,31.2,44.2,24.3,13.4,6.4,5.2,99.3,3.4,0.1523809523809524
2001-02,2001,1610612751,New Jersey Nets,82,52,30,0.634,37.1,83.1,0.446,4.9,14.6,0.338,17.1,23.3,0.735,12.7,30.7,43.3,24.3,14.5,8.7,6.0,96.2,4.2,0.17569193742478942
2001-02,2001,1610612752,New York Knicks,82,30,52,0.366,34.4,79.5,0.432,5.8,16.4,0.353,17.1,21.8,0.787,10.7,30.0,40.7,21.0,14.5,6.8,3.5,91.6,-4.0,0.2062893081761006
2001-02,2001,1610612753,Orlando Magic,82,44,38,0.537,37.6,84.0,0.448,7.6,20.2,0.373,17.6,23.4,0.754,11.5,29.7,41.2,22.0,13.6,8.1,4.7,100.5,1.6,0.24047619047619045
2001-02,2001,1610612755,Philadelphia 76ers,82,43,39,0.524,34.2,78.5,0.436,2.6,8.7,0.299,20.0,25.7,0.779,13.3,30.9,44.2,20.0,15.3,8.6,4.4,91.0,1.6,0.110828025477707
2001-02,2001,1610612756,Phoenix Suns,82,36,46,0.439,37.8,84.6,0.447,4.4,13.4,0.327,15.2,19.9,0.767,13.1,29.6,42.7,22.4,14.7,8.1,4.9,95.1,-0.7,0.15839243498817968
2001-02,2001,1610612757,Portland Trail Blazers,82,49,33,0.598,36.6,81.4,0.45,5.7,16.1,0.354,17.7,23.2,0.763,13.2,29.8,43.0,23.5,14.3,8.6,4.5,96.6,3.0,0.1977886977886978
2001-02,2001,1610612758,Sacramento Kings,82,61,21,0.744,39.8,85.4,0.467,5.2,14.1,0.367,19.7,26.3,0.751,12.4,33.0,45.3,23.9,13.8,9.0,4.6,104.6,7.6,0.16510538641686182
2001-02,2001,1610612759,San Antonio Spurs,82,58,24,0.707,35.5,77.6,0.458,5.3,14.8,0.362,20.3,27.4,0.742,11.1,31.3,42.4,20.0,14.4,7.6,6.5,96.7,6.2,0.1907216494845361
2001-02,2001,1610612760,Seattle SuperSonics,82,45,37,0.549,38.2,81.5,0.469,6.0,15.8,0.378,15.4,20.4,0.755,11.8,28.5,40.3,23.5,13.7,8.5,4.4,97.7,3.0,0.19386503067484664
2001-02,2001,1610612761,Toronto Raptors,82,42,40,0.512,35.6,82.0,0.434,4.7,13.5,0.349,15.5,20.9,0.739,13.6,28.5,42.1,21.7,14.3,8.4,5.6,91.4,-0.4,0.16463414634146342
2001-02,2001,1610612762,Utah Jazz,82,44,38,0.537,35.0,77.7,0.45,3.4,10.3,0.333,22.6,29.6,0.763,13.5,28.6,42.2,24.4,16.5,9.1,6.4,96.0,0.9,0.13256113256113256
2001-02,2001,1610612764,Washington Wizards,82,37,45,0.451,35.8,81.3,0.441,3.7,9.6,0.388,17.4,22.8,0.765,12.9,29.2,42.0,20.9,13.0,7.0,4.3,92.8,-1.4,0.11808118081180811
2002-03,2002,1610612737,Atlanta Hawks,82,35,47,0.427,34.9,78.5,0.444,4.9,13.9,0.352,19.4,24.5,0.793,11.4,31.2,42.6,20.5,16.7,7.5,5.8,94.1,-3.6,0.17707006369426753
2002-03,2002,1610612738,Boston Celtics,82,44,38,0.537,32.9,79.4,0.415,8.8,26.3,0.334,18.0,24.3,0.742,10.4,30.1,40.5,19.2,14.0,8.8,3.7,92.7,-0.4,0.33123425692695213
2002-03,2002,1610612741,Chicago Bulls,82,30,52,0.366,36.5,81.9,0.445,4.3,12.2,0.35,17.7,24.6,0.722,12.0,31.0,43.0,21.7,16.9,7.4,5.6,95.0,-5.1,0.14896214896214893
2002-03,2002,1610612739,Cleveland Cavaliers,82,17,65,0.207,34.8,82.3,0.422,3.6,10.9,0.327,18.3,24.5,0.747,13.6,31.0,44.6,20.9,18.3,7.8,6.4,91.4,-9.6,0.13244228432563793
2002-03,2002,1610612742,Dallas Mavericks,82,60,22,0.732,38.5,85.1,0.453,7.8,20.3,0.381,18.1,21.9,0.829,11.1,31.0,42.1,22.4,11.6,8.1,5.5,103.0,7.8,0.2385428907168038
2002-03,2002,1610612743,Denver Nuggets,82,17,65,0.207,32.8,79.8,0.411,2.8,10.0,0.278,15.8,22.6,0.699,13.6,28.8,42.4,21.2,18.5,8.7,5.1,84.2,-8.3,0.12531328320802004
2002-03,2002,1610612765,Detroit Pistons,82,50,32,0.61,32.9,76.5,0.43,6.5,18.1,0.358,19.0,24.6,0.771,10.8,29.8,40.6,19.8,13.5,6.8,5.7,91.4,3.7,0.2366013071895425
2002-03,2002,1610612744,Golden State Warriors,82,38,44,0.463,37.3,84.6,0.441,5.2,15.1,0.344,22.6,29.0,0.778,15.7,31.0,46.7,20.9,15.8,7.2,6.2,102.4,-1.1,0.17848699763593381
2002-03,2002,1610612745,Houston Rockets,82,43,39,0.524,34.6,78.8,0.44,5.4,15.5,0.346,19.1,24.9,0.768,12.5,31.3,43.8,18.4,15.6,7.2,6.0,93.8,1.5,0.1967005076142132
2002-03,2002,1610612754,Indiana Pacers,82,48,34,0.585,35.5,80.6,0.441,4.6,13.6,0.339,21.2,27.7,0.766,12.2,32.0,44.2,23.3,14.8,8.5,5.4,96.8,3.5,0.1687344913151365
2002-03,2002,1610612746,Los Angeles Clippers,82,27,55,0.329,34.6,79.1,0.437,4.8,14.4,0.331,19.9,26.5,0.75,12.3,30.0,42.3,19.6,15.7,7.0,5.6,93.8,-4.1,0.18204804045512013
2002-03,2002,1610612747,Los Angeles Lakers,82,50,32,0.61,37.7,83.6,0.451,5.9,16.7,0.356,19.0,26.0,0.734,13.1,31.1,44.3,23.3,14.5,7.8,5.7,100.4,2.3,0.19976076555023925
2002-03,2002,1610612763,Memphis Grizzlies,82,28,54,0.341,37.2,82.2,0.452,5.7,15.6,0.365,17.4,23.6,0.739,11.5,30.1,41.6,23.1,15.4,7.9,6.1,97.5,-3.2,0.1897810218978102
2002-03,2002,1610612748,Miami Heat,82,25,57,0.305,32.8,79.5,0.412,4.2,13.4,0.316,15.8,20.6,0.765,11.6,30.0,41.6,18.3,14.2,7.2,4.0,85.6,-5.0,0.16855345911949687
2002-03,2002,1610612749,Milwaukee Bucks,82,42,40,0.512,37.1,81.3,0.457,7.1,18.6,0.383,18.1,23.3,0.776,10.7,28.9,39.5,22.2,12.7,7.6,4.2,99.5,0.2,0.22878228782287827
2002-03,2002,1610612750,Minnesota Timberwolves,82,51,31,0.622,38.7,83.0,0.466,3.6,9.8,0.368,17.1,22.3,0.77,11.7,31.9,43.6,25.2,13.7,6.7,5.3,98.1,2.1,0.11807228915662651
2002-03,2002,1610612751,New Jersey Nets,82,49,33,0.598,35.4,80.3,0.441,4.2,12.7,0.332,20.3,26.8,0.757,12.1,30.8,42.9,23.0,14.8,8.7,4.6,95.4,5.2,0.1581569115815691
2002-03,2002,1610612740,New Orleans Hornets,82,47,35,0.573,35.5,81.6,0.435,4.9,13.1,0.376,17.9,23.3,0.768,13.4,30.2,43.6,22.0,14.8,8.0,4.8,93.9,2.1,0.16053921568627452
2002-03,2002,1610612752,New York Knicks,82,37,45,0.451,36.2,82.0,0.441,7.4,19.3,0.383,16.1,19.8,0.815,10.3,29.0,39.2,22.0,14.0,7.1,3.1,95.9,-1.4,0.2353658536585366
2002-03,2002,1610612753,Orlando Magic,82,42,40,0.512,35.9,82.5,0.436,6.9,19.4,0.357,19.7,25.4,0.777,11.7,29.2,40.9,20.4,14.4,8.5,3.7,98.5,0.1,0.23515151515151514
2002-03,2002,1610612755,Philadelphia 76ers,82,48,34,0.585,36.3,81.0,0.448,3.0,9.6,0.311,21.3,27.5,0.775,12.7,29.5,42.2,21.6,14.8,10.3,3.5,96.8,2.3,0.11851851851851851
2002-03,2002,1610612756,Phoenix Suns,82,44,38,0.537,36.6,82.6,0.443,4.8,14.0,0.343,17.4,23.5,0.742,12.8,29.8,42.5,21.0,14.7,8.1,4.9,95.5,1.1,0.16949152542372883
2002-03,2002,1610612757,Portland Trail Blazers,82,50,32,0.61,36.4,79.2,0.46,4.6,14.0,0.33,17.7,23.7,0.745,12.1,29.0,41.1,22.7,15.2,8.8,3.9,95.2,2.6,0.17676767676767677
2002-03,2002,1610612758,Sacramento Kings,82,59,23,0.72,39.5,85.2,0.464,6.0,15.7,0.381,16.7,22.3,0.746,11.0,33.5,44.5,24.8,14.5,9.0,5.6,101.7,6.5,0.18427230046948356
2002-03,2002,1610612759,San Antonio Spurs,82,60,22,0.732,35.5,76.8,0.462,5.5,15.5,0.354,19.4,26.8,0.725,11.5,31.2,42.6,20.0,15.8,7.7,6.5,95.8,5.4,0.20182291666666669
2002-03,2002,1610612760,Seattle SuperSonics,82,40,42,0.488,35.2,80.5,0.437,5.6,15.7,0.353,16.2,21.7,0.744,11.7,29.1,40.8,21.6,13.2,8.3,3.6,92.1,-0.1,0.19503105590062111
2002-03,2002,1610612761,Toronto Raptors,82,24,58,0.293,34.7,81.3,0.427,5.0,14.5,0.343,16.5,22.9,0.718,12.5,28.7,41.2,19.3,14.4,7.4,4.8,90.9,-5.9,0.17835178351783518
2002-03,2002,1610612762,Utah Jazz,82,47,35,0.573,35.3,75.5,0.468,2.7,7.8,0.349,21.3,28.6,0.745,12.5,29.0,41.5,25.6,16.8,8.6,5.7,94.7,2.4,0.10331125827814569
2002-03,2002,1610612764,Washington Wizards,82,37,45,0.451,34.3,78.0,0.44,3.1,9.9,0.312,19.7,25.3,0.779,11.2,29.2,40.4,19.7,13.4,7.6,4.8,91.5,-1.0,0.12692307692307692
2003-04,2003,1610612737,Atlanta Hawks,82,28,54,0.341,34.5,79.6,0.433,5.1,15.2,0.335,18.7,24.1,0.776,12.1,30.6,42.7,20.1,16.5,7.6,5.0,92.8,-4.6,0.19095477386934673
2003-04,2003,1610612738,Boston Celtics,82,36,46,0.439,34.7,78.2,0.443,6.7,19.5,0.346,19.2,25.5,0.75,10.4,29.8,40.1,20.5,16.2,9.4,4.0,95.3,-1.5,0.24936061381074168
2003-04,2003,1610612741,Chicago Bulls,82,23,59,0.28,34.1,82.4,0.414,5.2,15.3,0.342,16.2,22.4,0.725,12.8,30.7,43.5,21.9,16.1,8.0,4.8,89.7,-6.4,0.18567961165048544
2003-04,2003,1610612739,Cleveland Cavaliers,82,35,47,0.427,35.6,82.4,0.433,3.0,9.6,0.314,18.6,24.8,0.753,13.6,31.9,45.6,22.0,14.8,7.1,6.5,92.9,-2.6,0.11650485436893203
2003-04,2003,1610612742,Dallas Mavericks,82,52,30,0.634,40.5,88.2,0.459,6.2,17.8,0.348,18.0,22.6,0.796,14.3,31.0,45.3,23.9,12.2,8.0,5.3,105.2,4.4,0.2018140589569161
2003-04,2003,1610612743,Denver Nuggets,82,43,39,0.524,36.5,82.5,0.443,4.0,12.0,0.336,20.2,26.3,0.767,13.2,29.1,42.3,21.9,15.6,9.1,6.3,97.2,1.1,0.14545454545454545
2003-04,2003,1610612765,Detroit Pistons,82,54,28,0.659,33.5,77.0,0.435,4.1,11.8,0.344,19.0,25.3,0.753,12.4,30.4,42.8,20.8,15.1,8.0,7.0,90.1,5.8,0.15324675324675324
2003-04,2003,1610612744,Golden State Warriors,82,37,45,0.451,35.1,79.4,0.442,5.2,15.6,0.334,17.9,24.7,0.725,12.2,30.9,43.1,20.5,14.8,7.0,4.7,93.3,-0.7,0.1964735516372796
2003-04,2003,1610612745,Houston Rockets,82,45,37,0.549,33.4,75.5,0.442,6.3,17.1,0.366,16.7,21.6,0.773,10.3,32.3,42.6,19.3,16.7,6.8,5.4,89.8,1.7,0.22649006622516557
2003-04,2003,1610612754,Indiana Pacers,82,61,21,0.744,33.6,77.1,0.435,5.5,15.6,0.351,18.8,24.6,0.764,11.8,29.9,41.7,21.6,14.4,8.9,5.0,91.4,5.8,0.20233463035019456
2003-04,2003,1610612746,Los Angeles Clippers,82,28,54,0.341,34.4,80.2,0.428,4.0,12.5,0.321,22.0,28.1,0.785,14.0,29.5,43.5,20.2,16.4,7.2,4.6,94.8,-4.6,0.15586034912718205
2003-04,2003,1610612747,Los Angeles Lakers,82,56,26,0.683,36.9,81.4,0.454,4.5,13.6,0.327,19.9,28.7,0.693,12.2,30.9,43.1,23.8,13.8,8.3,4.6,98.2,3.9,0.16707616707616707
2003-04,2003,1610612763,Memphis Grizzlies,82,50,32,0.61,36.1,81.2,0.445,5.5,16.0,0.34,19.0,26.1,0.727,12.8,29.0,41.8,23.4,15.0,9.7,6.9,96.7,2.4,0.19704433497536944
2003-04,2003,1610612748,Miami Heat,82,42,40,0.512,33.3,78.3,0.425,5.9,16.5,0.357,17.8,23.4,0.762,11.5,30.0,41.5,19.1,13.9,7.2,3.8,90.3,0.5,0.210727969348659
2003-04,2003,1610612749,Milwaukee Bucks,82,41,41,0.5,36.2,81.1,0.447,4.9,14.0,0.35,20.7,26.7,0.775,11.7,30.5,42.2,22.8,13.5,6.8,4.7,98.0,1.1,0.17262638717632553
2003-04,2003,1610612750,Minnesota Timberwolves,82,58,24,0.707,37.0,80.1,0.462,4.0,10.9,0.363,16.6,21.3,0.781,10.7,32.3,42.9,23.0,12.7,6.8,5.6,94.5,5.5,0.13607990012484397
2003-04,2003,1610612751,New Jersey Nets,82,47,35,0.573,34.3,77.7,0.441,4.6,13.7,0.336,17.0,22.6,0.753,10.5,30.2,40.7,24.5,14.7,8.6,3.9,90.3,2.5,0.1763191763191763
2003-04,2003,1610612740,New Orleans Hornets,82,41,41,0.5,33.8,80.5,0.42,6.5,20.3,0.319,17.7,23.6,0.751,13.3,29.5,42.8,20.9,15.0,8.6,4.2,91.8,-0.1,0.25217391304347825
2003-04,2003,1610612752,New York Knicks,82,39,43,0.476,35.1,79.4,0.442,5.0,13.6,0.364,16.8,21.1,0.793,11.6,31.0,42.6,20.7,15.7,7.4,4.8,92.0,-1.5,0.17128463476070527
2003-04,2003,1610612753,Orlando Magic,82,21,61,0.256,35.4,82.5,0.429,5.2,15.2,0.344,18.0,24.4,0.737,12.2,28.7,40.9,19.3,13.7,6.7,3.8,94.0,-7.0,0.18424242424242424
2003-04,2003,1610612755,Philadelphia 76ers,82,33,49,0.402,32.7,76.3,0.428,4.1,12.1,0.342,18.4,24.5,0.753,11.5,29.4,40.8,20.0,15.9,8.0,4.4,88.0,-2.5,0.15858453473132372
2003-04,2003,1610612756,Phoenix Suns,82,29,53,0.354,36.1,81.4,0.443,5.1,14.7,0.345,17.0,22.7,0.746,11.3,29.3,40.6,19.3,15.2,9.0,4.7,94.2,-3.7,0.18058968058968056
2003-04,2003,1610612757,Portland Trail Blazers,82,41,41,0.5,35.3,78.9,0.448,4.6,13.4,0.346,15.4,21.1,0.731,12.7,29.0,41.7,21.6,14.8,7.5,5.4,90.7,-1.3,0.16983523447401774
2003-04,2003,1610612758,Sacramento Kings,82,55,27,0.671,37.8,81.8,0.462,7.3,18.3,0.401,19.8,24.9,0.795,10.8,30.4,41.2,26.2,13.9,8.7,4.0,102.8,5.0,0.2237163814180929
2003-04,2003,1610612759,San Antonio Spurs,82,57,25,0.695,34.7,78.5,0.442,5.0,13.9,0.358,17.2,25.2,0.681,12.5,32.5,45.1,20.4,14.7,8.1,6.5,91.5,7.2,0.17707006369426753
2003-04,2003,1610612760,Seattle SuperSonics,82,37,45,0.451,35.8,80.4,0.446,8.8,23.6,0.373,16.6,21.7,0.765,11.1,28.3,39.3,21.7,14.5,8.1,4.7,97.1,-0.6,0.2935323383084577
2003-04,2003,1610612761,Toronto Raptors,82,33,49,0.402,32.4,77.4,0.418,5.6,15.8,0.356,15.1,20.1,0.75,10.1,29.5,39.6,19.2,14.2,7.4,4.9,85.4,-3.0,0.2041343669250646
2003-04,2003,1610612762,Utah Jazz,82,42,40,0.512,32.8,75.3,0.436,3.1,9.6,0.321,20.0,26.8,0.746,13.5,27.7,41.2,20.4,16.6,7.1,6.0,88.7,-1.2,0.12749003984063745
2003-04,2003,1610612764,Washington Wizards,82,25,57,0.305,33.6,80.0,0.421,5.3,15.5,0.342,19.3,27.0,0.714,13.6,29.2,42.8,18.7,17.5,8.9,5.0,91.8,-5.6,0.19375
2004-05,2004,1610612737,Atlanta Hawks,82,13,69,0.159,35.9,81.4,0.441,3.7,11.9,0.312,17.3,24.3,0.711,13.4,28.5,41.9,19.7,16.1,7.7,4.2,92.7,-9.7,0.14619164619164618
2004-05,2004,1610612738,Boston Celtics,82,45,37,0.549,37.1,79.4,0.468,5.3,15.3,0.349,21.6,28.3,0.764,11.1,29.7,40.8,22.1,15.8,8.1,5.2,101.3,0.9,0.19269521410579343
2004-05,2004,1610612766,Charlotte Bobcats,82,18,64,0.22,36.1,83.6,0.432,3.9,10.7,0.363,18.1,25.6,0.709,13.2,28.5,41.7,21.9,14.5,8.5,5.4,94.3,-6.0,0.12799043062200957
2004-05,2004,1610612741,Chicago Bulls,82,47,35,0.573,34.7,80.4,0.432,6.2,17.5,0.357,18.7,25.0,0.75,12.2,31.6,43.8,21.3,16.7,7.0,4.5,94.5,1.1,0.21766169154228854
2004-05,2004,1610612739,Cleveland Cavaliers,82,42,40,0.512,36.5,81.5,0.447,3.7,11.0,0.332,19.9,26.5,0.752,13.6,28.7,42.3,22.6,13.9,8.0,5.6,96.5,0.8,0.13496932515337423
2004-05,2004,1610612742,Dallas Mavericks,82,58,24,0.707,37.3,81.6,0.457,5.6,15.5,0.364,22.3,28.2,0.789,12.1,30.9,42.9,19.6,13.4,8.6,5.6,102.5,5.7,0.18995098039215688
2004-05,2004,1610612743,Denver Nuggets,82,49,33,0.598,37.0,80.7,0.459,3.9,11.5,0.34,21.5,28.2,0.763,11.8,30.2,42.0,23.9,14.9,9.1,6.0,99.5,2.0,0.14250309789343246
2004-05,2004,1610612765,Detroit Pistons,82,54,28,0.659,34.8,78.3,0.444,4.4,12.8,0.345,19.4,26.2,0.739,12.9,30.6,43.4,21.8,13.8,7.0,6.1,93.3,3.9,0.16347381864623245
2004-05,2004,1610612744,Golden State Warriors,82,34,48,0.415,36.9,85.8,0.43,7.6,21.6,0.352,17.2,23.8,0.722,13.0,29.7,42.7,22.1,13.6,7.8,5.1,98.7,-2.2,0.2517482517482518
2004-05,2004,1610612745,Houston Rockets,82,51,31,0.622,34.7,78.3,0.443,6.7,18.5,0.364,18.9,24.2,0.781,10.7,31.7,42.4,21.1,13.8,6.9,4.6,95.1,4.0,0.23627075351213284
2004-05,2004,1610612754,Indiana Pacers,82,44,38,0.537,32.5,75.2,0.432,6.6,19.2,0.344,21.3,26.9,0.792,10.6,29.5,40.1,18.2,14.3,7.5,4.4,93.0,0.8,0.2553191489361702
2004-05,2004,1610612746,Los Angeles Clippers,82,37,45,0.451,35.7,77.7,0.459,2.8,8.2,0.345,21.6,27.7,0.778,12.0,29.9,41.9,23.2,15.7,7.3,5.1,95.7,-0.8,0.10553410553410553
2004-05,2004,1610612747,Los Angeles Lakers,82,34,48,0.415,35.3,80.8,0.437,7.9,22.1,0.355,20.3,26.1,0.777,12.5,30.6,43.2,20.4,14.3,6.2,4.2,98.7,-3.0,0.27351485148514854
2004-05,2004,1610612763,Memphis Grizzlies,82,45,37,0.549,34.2,76.5,0.447,6.5,18.1,0.357,18.6,24.7,0.754,10.8,28.1,39.0,20.9,14.6,8.5,5.8,93.4,2.3,0.2366013071895425
2004-05,2004,1610612748,Miami Heat,82,59,23,0.72,37.8,77.7,0.486,5.8,15.4,0.377,20.2,30.1,0.672,10.8,32.2,43.0,21.8,13.7,6.4,5.8,101.5,6.5,0.1981981981981982
2004-05,2004,1610612749,Milwaukee Bucks,82,30,52,0.366,36.1,80.2,0.45,4.0,11.3,0.351,21.0,27.2,0.772,12.0,29.3,41.3,21.0,13.8,6.5,3.5,97.2,-3.0,0.14089775561097256
2004-05,2004,1610612750,Minnesota Timberwolves,82,44,38,0.537,37.1,80.8,0.459,4.8,14.0,0.345,17.7,22.2,0.796,11.5,31.5,43.0,23.4,13.2,5.6,5.5,96.8,1.5,0.17326732673267328
2004-05,2004,1610612751,New Jersey Nets,82,42,40,0.512,33.6,78.3,0.429,5.3,14.7,0.362,19.0,24.9,0.763,10.4,29.1,39.5,21.6,14.2,7.9,3.8,91.4,-1.5,0.18773946360153257
2004-05,2004,1610612740,New Orleans Hornets,82,18,64,0.22,33.1,80.0,0.415,5.1,16.0,0.315,17.1,22.3,0.766,12.4,27.8,40.2,21.0,14.8,6.7,3.8,88.4,-7.1,0.2
2004-05,2004,1610612752,New York Knicks,82,33,49,0.402,36.3,80.5,0.451,5.4,15.1,0.356,19.3,25.1,0.767,11.8,29.2,41.0,20.3,14.7,7.7,3.2,97.3,-2.4,0.18757763975155278
2004-05,2004,1610612753,Orlando Magic,82,36,46,0.439,37.0,81.5,0.454,3.9,11.2,0.349,21.6,28.5,0.759,12.7,31.0,43.7,19.3,16.1,7.7,5.4,99.5,-2.2,0.13742331288343557
2004-05,2004,1610612755,Philadelphia 76ers,82,43,39,0.524,35.9,82.1,0.437,6.2,17.7,0.348,21.1,26.8,0.789,11.1,30.9,42.0,20.9,15.5,9.2,3.9,99.1,-0.7,0.21559074299634592
2004-05,2004,1610612756,Phoenix Suns,82,62,20,0.756,40.9,85.6,0.477,9.7,24.7,0.393,19.0,25.4,0.748,11.8,32.3,44.1,23.5,13.7,7.0,5.5,110.4,7.1,0.2885514018691589
2004-05,2004,1610612757,Portland Trail Blazers,82,27,55,0.329,35.3,78.3,0.451,5.1,14.2,0.362,17.2,23.7,0.725,11.8,29.3,41.1,21.0,16.0,7.1,6.6,92.9,-4.0,0.1813537675606641
2004-05,2004,1610612758,Sacramento Kings,82,50,32,0.61,39.1,85.1,0.459,6.4,17.0,0.374,19.2,24.4,0.787,12.5,29.9,42.4,24.5,13.1,8.2,3.9,103.7,2.2,0.19976498237367804
2004-05,2004,1610612759,San Antonio Spurs,82,59,23,0.72,35.6,78.7,0.453,6.2,17.0,0.363,18.7,25.9,0.724,12.0,30.4,42.4,21.6,13.7,7.5,6.6,96.2,7.8,0.21601016518424396
2004-05,2004,1610612760,Seattle SuperSonics,82,52,30,0.634,35.1,79.2,0.444,8.1,22.2,0.365,20.5,26.0,0.79,12.7,28.2,40.9,18.1,13.6,6.7,4.1,98.9,2.3,0.2803030303030303
2004-05,2004,1610612761,Toronto Raptors,82,33,49,0.402,36.0,81.2,0.444,7.9,20.5,0.385,19.8,25.6,0.774,10.3,29.8,40.1,20.4,13.3,7.6,3.9,99.7,-1.6,0.2524630541871921
2004-05,2004,1610612762,Utah Jazz,82,26,56,0.317,34.5,76.8,0.449,3.0,9.3,0.328,21.0,27.7,0.757,12.8,27.4,40.1,22.3,15.8,6.6,4.6,93.0,-4.3,0.12109375000000001
2004-05,2004,1610612764,Washington Wizards,82,45,37,0.549,36.2,82.9,0.437,6.3,18.3,0.343,21.9,30.2,0.725,13.8,29.0,42.8,19.1,14.3,8.7,4.2,100.5,-0.3,0.22074788902291917
2005-06,2005,1610612737,Atlanta Hawks,82,26,56,0.317,35.9,79.2,0.454,5.2,14.1,0.367,20.2,26.9,0.75,13.0,27.2,40.3,19.8,15.7,7.2,4.8,97.2,-4.8,0.178030303030303
2005-06,2005,1610612738,Boston Celtics,82,33,49,0.402,36.0,77.1,0.467,5.7,15.7,0.362,20.3,26.9,0.755,9.9,29.7,39.6,20.9,16.6,7.0,5.1,98.0,-1.5,0.20363164721141375
2005-06,2005,1610612766,Charlotte Bobcats,82,26,56,0.317,36.1,83.5,0.433,5.2,15.4,0.339,19.4,26.7,0.729,12.1,27.7,39.8,20.9,14.2,10.0,4.3,96.9,-4.0,0.18443113772455091
2005-06,2005,1610612741,Chicago Bulls,82,41,41,0.5,36.6,82.2,0.446,6.8,18.0,0.379,17.7,24.0,0.738,11.0,31.7,42.8,22.0,14.9,6.2,4.2,97.8,0.6,0.218978102189781
2005-06,2005,1610612739,Cleveland Cavaliers,82,50,32,0.61,35.5,78.2,0.454,6.1,17.9,0.339,20.6,28.3,0.729,11.7,30.6,42.3,19.0,13.9,6.9,4.8,97.6,2.2,0.22890025575447567
2005-06,2005,1610612742,Dallas Mavericks,82,60,22,0.732,36.0,77.7,0.462,5.1,13.6,0.374,22.2,28.3,0.783,12.6,29.6,42.2,18.0,13.6,7.2,6.0,99.1,6.1,0.17503217503217502
2005-06,2005,1610612743,Denver Nuggets,82,44,38,0.537,37.5,81.4,0.461,4.3,13.1,0.325,21.0,28.2,0.744,11.0,30.3,41.3,23.4,14.8,8.5,5.6,100.3,0.2,0.1609336609336609
2005-06,2005,1610612765,Detroit Pistons,82,64,18,0.78,36.4,80.0,0.455,6.8,17.7,0.384,17.3,23.8,0.727,11.9,28.6,40.5,24.0,11.4,7.1,6.0,96.8,6.7,0.22125
2005-06,2005,1610612744,Golden State Warriors,82,34,48,0.415,35.8,82.7,0.433,7.6,22.3,0.341,19.2,26.7,0.718,12.0,30.3,42.3,20.7,14.1,7.4,4.3,98.5,-1.4,0.26964933494558646
2005-06,2005,1610612745,Houston Rockets,82,34,48,0.415,33.0,76.2,0.433,5.7,17.2,0.332,18.3,24.1,0.759,10.4,31.3,41.6,19.3,14.5,7.2,3.9,90.1,-1.6,0.22572178477690286
2005-06,2005,1610612754,Indiana Pacers,82,41,41,0.5,34.0,76.5,0.444,6.5,18.7,0.349,19.4,26.3,0.737,11.0,31.2,42.2,19.9,15.3,7.3,5.0,93.9,1.9,0.24444444444444444
2005-06,2005,1610612746,Los Angeles Clippers,82,47,35,0.573,36.5,78.6,0.465,3.5,10.3,0.344,20.7,26.1,0.791,10.1,33.0,43.1,20.8,14.5,6.5,6.1,97.2,1.6,0.13104325699745548
2005-06,2005,1610612747,Los Angeles Lakers,82,45,37,0.549,36.5,80.6,0.453,6.7,19.3,0.349,19.7,26.5,0.745,11.8,30.3,42.2,21.1,13.9,7.7,4.3,99.4,2.5,0.239454094292804
2005-06,2005,1610612763,Memphis Grizzlies,82,49,33,0.598,33.5,74.7,0.448,7.2,19.2,0.374,18.0,25.3,0.711,10.2,29.0,39.2,19.3,13.8,7.3,5.4,92.2,3.7,0.2570281124497992
2005-06,2005,1610612748,Miami Heat,82,52,30,0.634,37.1,77.5,0.478,6.1,17.6,0.345,19.7,28.2,0.7,10.5,32.6,43.1,20.6,14.5,6.4,5.4,99.9,3.9,0.2270967741935484
2005-06,2005,1610612749,Milwaukee Bucks,82,40,42,0.488,36.3,80.1,0.453,6.2,16.3,0.38,19.0,25.8,0.738,11.3,29.9,41.2,21.6,14.6,7.3,3.3,97.8,-1.0,0.20349563046192262
2005-06,2005,1610612750,Minnesota Timberwolves,82,33,49,0.402,35.2,77.3,0.456,3.8,11.5,0.329,17.5,23.1,0.758,9.9,29.5,39.4,20.9,14.5,6.8,5.7,91.7,-1.9,0.14877102199223805
2005-06,2005,1610612751,New Jersey Nets,82,49,33,0.598,33.9,77.0,0.44,5.8,17.6,0.33,20.2,26.7,0.758,10.0,31.0,41.0,23.0,13.6,6.8,3.4,93.8,1.4,0.2285714285714286
2005-06,2005,1610612740,New Orleans/Oklahoma City Hornets,82,38,44,0.463,34.5,78.4,0.44,3.7,10.8,0.339,20.1,26.5,0.758,11.2,29.0,40.2,18.5,13.4,7.5,3.8,92.8,-2.8,0.1377551020408163
2005-06,2005,1610612752,New York Knicks,82,23,59,0.28,34.4,75.7,0.455,3.9,10.8,0.362,22.9,31.5,0.726,12.6,28.8,41.4,17.9,17.7,6.8,3.3,95.6,-6.4,0.142668428005284
2005-06,2005,1610612753,Orlando Magic,82,36,46,0.439,35.5,75.2,0.472,3.6,9.7,0.376,20.3,27.8,0.73,10.9,29.3,40.2,18.2,15.1,6.5,4.4,94.9,-1.1,0.12898936170212766
2005-06,2005,1610612755,Philadelphia 76ers,82,38,44,0.463,36.6,79.8,0.458,4.6,12.6,0.364,21.6,28.4,0.76,10.6,29.6,40.2,20.2,14.1,7.9,4.9,99.4,-2.0,0.15789473684210525
2005-06,2005,1610612756,Phoenix Suns,82,54,28,0.659,41.8,87.4,0.479,10.2,25.6,0.399,14.5,18.0,0.806,9.5,32.3,41.8,26.6,13.3,6.7,5.0,108.4,5.5,0.2929061784897025
2005-06,2005,1610612757,Portland Trail Blazers,82,21,61,0.256,34.0,76.4,0.445,4.4,12.7,0.349,16.3,23.7,0.689,10.8,26.9,37.7,18.2,14.7,6.5,5.3,88.8,-9.5,0.16623036649214656
2005-06,2005,1610612758,Sacramento Kings,82,44,38,0.537,36.0,79.3,0.454,6.0,17.2,0.351,20.8,26.5,0.784,10.4,30.2,40.5,22.3,14.6,7.4,3.6,98.9,1.5,0.21689785624211855
2005-06,2005,1610612759,San Antonio Spurs,82,63,19,0.768,36.5,77.3,0.472,6.4,16.6,0.385,16.2,23.1,0.702,10.4,31.1,41.5,20.9,13.7,6.6,5.7,95.6,6.8,0.21474773609314363
2005-06,2005,1610612760,Seattle SuperSonics,82,35,47,0.427,37.5,81.8,0.459,7.4,19.9,0.371,20.1,25.7,0.785,12.4,27.2,39.6,20.7,14.7,7.6,3.7,102.6,-3.0,0.2432762836185819
2005-06,2005,1610612761,Toronto Raptors,82,27,55,0.329,36.7,81.0,0.454,7.4,19.8,0.375,20.2,25.5,0.791,10.5,27.9,38.5,19.4,13.1,6.5,3.3,101.1,-3.0,0.24444444444444446
2005-06,2005,1610612762,Utah Jazz,82,41,41,0.5,33.5,75.7,0.442,3.8,11.3,0.336,21.6,30.1,0.719,13.1,29.0,42.1,21.6,15.7,6.4,6.0,92.4,-2.6,0.14927344782034346
2005-06,2005,1610612764,Washington Wizards,82,42,40,0.512,36.3,81.2,0.447,6.1,17.0,0.357,23.0,30.4,0.757,12.6,28.6,41.2,18.6,13.9,8.0,4.1,101.7,1.9,0.20935960591133004
2006-07,2006,1610612737,Atlanta Hawks,82,30,52,0.366,34.5,77.7,0.444,4.2,12.7,0.329,20.5,26.9,0.761,11.9,28.2,40.1,19.2,15.9,7.4,5.4,93.7,-4.8,0.16344916344916344
2006-07,2006,1610612738,Boston Celtics,82,24,58,0.293,34.9,78.7,0.443,5.7,15.6,0.367,20.4,26.6,0.767,11.2,29.2,40.4,19.9,16.5,7.2,4.7,95.8,-3.4,0.1982210927573062
2006-07,2006,1610612766,Charlotte Bobcats,82,33,49,0.402,36.1,81.0,0.446,5.6,15.6,0.357,19.1,26.0,0.734,11.2,28.6,39.8,22.4,14.9,7.8,4.5,96.9,-3.7,0.1925925925925926
2006-07,2006,1610612741,Chicago Bulls,82,49,33,0.598,37.1,81.3,0.457,5.9,15.1,0.388,18.6,25.4,0.734,12.0,31.7,43.7,22.3,16.0,7.8,5.4,98.8,5.0,0.1857318573185732
2006-07,2006,1610612739,Cleveland Cavaliers,82,50,32,0.61,36.3,81.2,0.447,6.0,17.1,0.352,18.1,26.0,0.696,12.7,30.8,43.5,20.8,14.4,7.6,4.3,96.8,3.8,0.21059113300492613
2006-07,2006,1610612742,Dallas Mavericks,82,67,15,0.817,36.7,78.6,0.467,6.5,17.1,0.381,20.1,24.9,0.805,11.2,30.7,41.9,19.9,13.9,6.8,5.0,100.0,7.2,0.21755725190839698
2006-07,2006,1610612743,Denver Nuggets,82,45,37,0.549,38.6,83.0,0.465,5.9,17.6,0.336,22.3,29.9,0.746,12.2,31.2,43.4,23.4,16.5,8.3,5.3,105.4,1.6,0.21204819277108436
2006-07,2006,1610612765,Detroit Pistons,82,53,29,0.646,35.9,79.1,0.454,5.5,15.9,0.344,18.8,24.2,0.774,11.6,29.0,40.5,21.6,12.2,7.1,5.8,96.0,4.2,0.20101137800252847
2006-07,2006,1610612744,Golden State Warriors,82,42,40,0.512,39.8,86.0,0.463,8.5,24.0,0.356,18.5,25.8,0.717,11.5,29.9,41.4,23.8,16.0,9.1,5.7,106.5,-0.3,0.27906976744186046
2006-07,2006,1610612745,Houston Rockets,82,52,30,0.634,35.4,79.6,0.445,8.6,23.1,0.372,17.5,23.2,0.753,10.7,32.6,43.3,20.8,14.2,7.1,4.1,97.0,4.9,0.2902010050251257
2006-07,2006,1610612754,Indiana Pacers,82,35,47,0.427,35.0,80.0,0.438,5.9,16.9,0.346,19.7,25.9,0.76,12.1,29.8,41.8,20.5,16.3,7.3,5.5,95.6,-2.4,0.21125
2006-07,2006,1610612746,Los Angeles Clippers,82,40,42,0.488,35.1,77.0,0.456,3.8,11.0,0.348,21.6,27.4,0.788,10.8,30.3,41.1,21.5,15.1,7.3,5.8,95.6,-0.5,0.14285714285714285
2006-07,2006,1610612747,Los Angeles Lakers,82,42,40,0.512,37.8,81.3,0.466,7.4,21.0,0.353,20.2,27.1,0.747,10.8,30.4,41.2,22.6,15.5,7.3,5.1,103.3,-0.1,0.25830258302583026
2006-07,2006,1610612763,Memphis Grizzlies,82,22,60,0.268,36.6,78.6,0.465,6.1,16.6,0.367,22.4,29.4,0.761,10.6,29.0,39.5,20.5,16.4,6.9,5.0,101.6,-5.1,0.2111959287531807
2006-07,2006,1610612748,Miami Heat,82,44,38,0.537,35.6,76.7,0.464,6.4,18.8,0.343,17.0,24.6,0.69,10.0,30.8,40.8,20.5,14.6,6.9,5.4,94.6,-0.9,0.24511082138200782
2006-07,2006,1610612749,Milwaukee Bucks,82,28,54,0.341,38.1,81.9,0.465,6.4,18.0,0.356,17.1,23.4,0.733,11.5,27.7,39.2,21.6,15.1,7.2,2.7,99.7,-4.4,0.21978021978021978
2006-07,2006,1610612750,Minnesota Timberwolves,82,32,50,0.39,36.5,79.3,0.461,4.7,13.3,0.353,18.3,23.1,0.792,10.0,30.2,40.1,22.5,15.6,6.5,4.0,96.1,-3.7,0.1677175283732661
2006-07,2006,1610612751,New Jersey Nets,82,41,41,0.5,35.5,77.8,0.457,7.4,20.4,0.363,19.1,26.3,0.727,10.0,30.8,40.8,23.9,14.8,6.1,3.3,97.6,-0.8,0.2622107969151671
2006-07,2006,1610612740,New Orleans/Oklahoma City Hornets,82,39,43,0.476,36.2,81.4,0.445,5.5,15.3,0.362,17.5,23.7,0.74,12.5,30.6,43.1,18.7,14.5,6.4,4.2,95.5,-1.6,0.18796068796068796
2006-07,2006,1610612752,New York Knicks,82,33,49,0.402,35.4,77.5,0.457,5.8,16.7,0.346,20.9,29.2,0.715,12.6,30.7,43.3,18.7,17.1,6.6,3.2,97.5,-2.9,0.21548387096774194
2006-07,2006,1610612753,Orlando Magic,82,40,42,0.488,35.1,74.3,0.472,4.2,11.7,0.356,20.5,29.2,0.702,11.2,29.5,40.7,18.6,17.0,6.9,5.1,94.8,0.8,0.15746971736204576
2006-07,2006,1610612755,Philadelphia 76ers,82,35,47,0.427,35.8,78.1,0.458,3.5,10.0,0.345,20.0,26.0,0.767,11.0,28.7,39.7,20.4,15.3,7.2,4.8,94.9,-3.0,0.12804097311139565
2006-07,2006,1610612756,Phoenix Suns,82,61,21,0.744,41.3,83.6,0.494,9.6,24.0,0.399,18.0,22.3,0.808,9.0,31.5,40.5,25.9,14.5,6.7,4.8,110.2,7.3,0.28708133971291866
2006-07,2006,1610612757,Portland Trail Blazers,82,32,50,0.39,35.0,78.0,0.45,5.2,15.0,0.346,18.8,24.5,0.769,11.3,28.0,39.3,18.5,15.1,6.8,4.6,94.1,-4.3,0.19230769230769232
2006-07,2006,1610612758,Sacramento Kings,82,33,49,0.402,35.9,79.7,0.45,6.5,18.5,0.35,23.1,30.2,0.765,9.7,29.2,38.9,20.3,14.6,8.2,3.2,101.3,-1.8,0.23212045169385193
2006-07,2006,1610612759,San Antonio Spurs,82,58,24,0.707,36.6,77.2,0.474,7.3,19.0,0.381,18.1,24.1,0.751,9.3,31.4,40.7,22.1,13.9,7.2,5.1,98.5,8.4,0.24611398963730569
2006-07,2006,1610612760,Seattle SuperSonics,82,31,51,0.378,37.2,80.8,0.46,6.4,17.7,0.362,18.4,23.3,0.791,11.3,28.3,39.6,20.7,15.5,7.7,3.7,99.1,-2.9,0.21905940594059406
2006-07,2006,1610612761,Toronto Raptors,82,47,35,0.573,37.0,79.8,0.463,6.5,17.9,0.363,19.0,24.2,0.788,9.2,30.2,39.5,22.2,13.5,7.1,3.9,99.5,1.0,0.22431077694235588
2006-07,2006,1610612762,Utah Jazz,82,51,31,0.622,37.4,78.9,0.474,4.3,12.9,0.335,22.3,30.0,0.743,12.6,30.0,42.5,24.7,15.6,7.0,4.1,101.5,2.9,0.16349809885931557
2006-07,2006,1610612764,Washington Wizards,82,41,41,0.5,37.4,83.2,0.45,6.8,19.7,0.348,22.6,29.6,0.765,12.2,29.0,41.2,20.2,13.8,7.7,4.6,104.3,-0.5,0.23677884615384615
2007-08,2007,1610612737,Atlanta Hawks,82,37,45,0.451,36.3,79.9,0.454,4.7,13.1,0.356,21.0,27.2,0.772,12.3,29.9,42.2,22.0,14.9,7.3,5.5,98.2,-1.8,0.16395494367959948
2007-08,2007,1610612738,Boston Celtics,82,66,16,0.805,36.4,76.7,0.475,7.3,19.1,0.381,20.5,26.5,0.771,10.1,31.9,42.0,22.4,15.2,8.5,4.6,100.5,10.3,0.2490221642764016
2007-08,2007,1610612766,Charlotte Bobcats,82,32,50,0.39,36.1,79.9,0.452,6.5,17.6,0.367,18.4,25.8,0.714,10.9,29.8,40.6,21.3,14.7,7.5,4.9,97.1,-4.4,0.2202753441802253
2007-08,2007,1610612741,Chicago Bulls,82,33,49,0.402,36.4,83.7,0.435,5.8,15.9,0.363,18.7,24.7,0.756,12.8,30.2,43.0,22.1,14.6,7.7,5.2,97.3,-3.1,0.18996415770609318
2007-08,2007,1610612739,Cleveland Cavaliers,82,45,37,0.549,35.8,81.7,0.439,6.7,18.8,0.358,18.0,25.1,0.717,13.3,31.3,44.6,20.0,14.0,7.1,5.2,96.4,-0.4,0.23011015911872706
2007-08,2007,1610612742,Dallas Mavericks,82,51,31,0.622,36.9,79.5,0.464,6.0,17.1,0.352,20.6,25.3,0.814,10.8,32.2,43.0,21.0,12.6,6.0,4.9,100.4,4.5,0.21509433962264152
2007-08,2007,1610612743,Denver Nuggets,82,50,32,0.61,40.3,85.8,0.47,6.9,19.6,0.355,23.1,30.7,0.751,11.2,32.9,44.1,24.7,14.7,9.2,6.7,110.7,3.7,0.22843822843822847
2007-08,2007,1610612765,Detroit Pistons,82,59,23,0.72,36.6,79.9,0.458,5.9,16.2,0.366,18.4,24.0,0.767,11.9,29.5,41.4,22.3,11.7,7.1,5.8,97.5,7.4,0.2027534418022528
2007-08,2007,1610612744,Golden State Warriors,82,48,34,0.585,41.5,90.3,0.459,9.3,26.6,0.348,18.8,24.9,0.752,12.7,30.4,43.2,22.4,13.2,9.1,4.6,111.0,2.2,0.29457364341085274
2007-08,2007,1610612745,Houston Rockets,82,55,27,0.671,36.6,81.7,0.448,7.1,20.8,0.342,16.4,22.5,0.726,12.2,32.4,44.6,21.4,13.7,7.3,5.1,96.7,4.7,0.25458996328029376
2007-08,2007,1610612754,Indiana Pacers,82,36,46,0.439,37.8,85.3,0.444,9.2,24.6,0.374,19.1,24.9,0.768,11.0,32.1,43.1,22.7,15.1,7.6,5.0,104.0,-1.4,0.28839390386869873
2007-08,2007,1610612746,Los Angeles Clippers,82,23,59,0.28,34.4,78.6,0.438,4.3,13.2,0.324,20.8,26.6,0.781,9.8,30.4,40.1,21.1,14.4,6.8,4.9,93.8,-7.3,0.16793893129770993
2007-08,2007,1610612747,Los Angeles Lakers,82,57,25,0.695,39.6,83.1,0.476,8.1,21.4,0.378,21.3,27.7,0.769,11.0,33.2,44.1,24.4,14.1,8.0,5.3,108.6,7.3,0.2575210589651023
2007-08,2007,1610612763,Memphis Grizzlies,82,22,60,0.268,37.3,82.2,0.454,7.6,21.7,0.349,18.5,25.6,0.723,10.3,31.3,41.6,19.2,15.3,6.1,4.7,100.7,-6.2,0.26399026763990263
2007-08,2007,1610612748,Miami Heat,82,15,67,0.183,34.2,77.3,0.443,6.0,16.7,0.358,16.9,23.2,0.727,9.1,28.6,37.6,20.0,14.7,7.2,4.3,91.4,-8.6,0.21604139715394566
2007-08,2007,1610612749,Milwaukee Bucks,82,26,56,0.317,36.9,82.3,0.449,5.5,16.0,0.344,17.7,24.1,0.733,12.9,28.8,41.7,21.5,14.8,6.6,4.4,97.0,-6.9,0.19441069258809235
2007-08,2007,1610612750,Minnesota Timberwolves,82,22,60,0.268,37.5,83.1,0.451,5.4,15.4,0.35,15.2,20.6,0.736,11.8,29.6,41.4,19.9,14.5,7.5,3.7,95.6,-6.8,0.18531889290012035
2007-08,2007,1610612751,New Jersey Nets,82,34,48,0.415,34.8,78.7,0.443,6.1,17.4,0.348,20.1,27.3,0.736,11.1,30.7,41.9,23.5,15.0,6.4,4.8,95.8,-5.1,0.22109275730622616
2007-08,2007,1610612740,New Orleans Hornets,82,56,26,0.683,38.6,82.9,0.466,7.7,19.8,0.389,16.0,20.8,0.769,11.4,30.4,41.8,21.8,11.9,7.8,3.9,100.9,5.3,0.2388419782870929
2007-08,2007,1610612752,New York Knicks,82,23,59,0.28,36.2,82.4,0.439,6.0,17.7,0.337,18.6,25.5,0.727,12.5,30.0,42.5,18.7,14.5,6.4,2.6,96.9,-6.6,0.21480582524271843
2007-08,2007,1610612753,Orlando Magic,82,52,30,0.634,37.3,78.6,0.474,9.8,25.3,0.386,20.1,27.9,0.721,9.4,32.6,42.0,20.8,14.3,6.3,4.1,104.5,5.5,0.32188295165394404
2007-08,2007,1610612755,Philadelphia 76ers,82,40,42,0.488,37.3,81.1,0.46,3.7,11.6,0.317,18.4,26.1,0.706,13.0,28.9,41.9,20.4,14.3,8.7,4.9,96.6,0.4,0.14303329223181258
2007-08,2007,1610612756,Phoenix Suns,82,55,27,0.671,41.4,82.7,0.5,8.5,21.5,0.393,18.9,24.1,0.783,8.8,32.7,41.5,26.7,14.4,6.5,6.3,110.1,5.0,0.25997581620314386
2007-08,2007,1610612757,Portland Trail Blazers,82,41,41,0.5,35.8,79.8,0.448,6.6,17.4,0.377,17.2,22.5,0.767,11.0,29.7,40.7,21.1,12.9,5.5,4.4,95.4,-1.0,0.21804511278195488
2007-08,2007,1610612758,Sacramento Kings,82,38,44,0.463,37.1,80.0,0.464,6.2,16.7,0.373,22.1,27.7,0.798,10.1,30.0,40.1,19.1,16.1,7.9,4.1,102.5,-2.3,0.20875
2007-08,2007,1610612759,San Antonio Spurs,82,56,26,0.683,35.8,78.3,0.457,7.2,19.6,0.369,16.5,21.6,0.761,9.4,31.9,41.3,21.0,12.6,6.4,4.1,95.4,4.8,0.25031928480204346
2007-08,2007,1610612760,Seattle SuperSonics,82,20,62,0.244,38.1,85.8,0.444,3.8,11.5,0.333,17.5,22.8,0.77,11.8,32.8,44.6,21.3,16.0,6.5,4.9,97.5,-8.8,0.13403263403263405
2007-08,2007,1610612761,Toronto Raptors,82,41,41,0.5,38.4,82.0,0.468,7.0,17.8,0.392,16.4,20.2,0.812,9.6,30.4,40.1,23.8,11.7,7.0,4.1,100.2,2.9,0.21707317073170732
2007-08,2007,1610612762,Utah Jazz,82,54,28,0.659,40.0,80.4,0.497,5.0,13.4,0.372,21.3,28.0,0.759,11.5,29.4,40.9,26.4,14.6,8.7,4.3,106.2,6.9,0.16666666666666666
2007-08,2007,1610612764,Washington Wizards,82,43,39,0.524,36.4,81.6,0.446,7.0,19.7,0.356,19.0,24.3,0.782,12.3,29.3,41.6,19.6,13.2,7.7,4.8,98.8,-0.3,0.24142156862745098
2008-09,2008,1610612737,Atlanta Hawks,82,47,35,0.573,36.0,78.7,0.458,7.3,19.9,0.366,18.7,25.4,0.737,10.6,29.4,40.0,20.2,12.8,7.4,4.6,98.1,1.6,0.25285895806861497
2008-09,2008,1610612738,Boston Celtics,82,62,20,0.756,37.5,77.2,0.486,6.6,16.5,0.397,19.4,25.3,0.765,10.6,31.5,42.1,22.7,15.6,7.6,4.7,100.9,7.5,0.2137305699481865
2008-09,2008,1610612766,Charlotte Bobcats,82,35,47,0.427,35.0,76.8,0.455,6.0,16.3,0.366,17.7,24.0,0.74,10.8,28.9,39.7,21.2,15.6,7.1,4.8,93.6,-1.3,0.21223958333333334
2008-09,2008,1610612741,Chicago Bulls,82,41,41,0.5,38.1,83.5,0.457,6.0,15.8,0.381,19.9,25.0,0.796,11.8,30.3,42.1,21.1,14.5,7.5,5.5,102.2,-0.3,0.18922155688622755
2008-09,2008,1610612739,Cleveland Cavaliers,82,66,16,0.805,36.9,78.7,0.468,8.0,20.4,0.393,18.6,24.5,0.757,10.8,31.4,42.2,20.3,12.7,7.2,5.3,100.3,8.9,0.2592121982210927
2008-09,2008,1610612742,Dallas Mavericks,82,50,32,0.61,38.1,82.6,0.462,7.0,19.9,0.35,18.5,22.6,0.819,11.1,31.6,42.7,21.7,12.7,7.2,5.2,101.7,2.0,0.24092009685230023
2008-09,2008,1610612743,Denver Nuggets,82,54,28,0.659,37.3,79.4,0.47,6.7,18.0,0.371,23.1,30.3,0.76,11.0,30.6,41.6,22.2,15.3,8.7,6.0,104.3,3.4,0.22670025188916876
2008-09,2008,1610612765,Detroit Pistons,82,39,43,0.476,36.4,80.0,0.454,4.6,13.2,0.349,16.9,22.5,0.751,11.6,29.9,41.4,20.6,11.9,6.0,4.6,94.2,-0.5,0.16499999999999998
2008-09,2008,1610612744,Golden State Warriors,82,29,53,0.354,39.4,86.0,0.458,6.7,18.0,0.373,23.1,29.2,0.791,11.6,30.4,42.0,20.9,14.6,7.8,6.4,108.6,-3.7,0.20930232558139536
2008-09,2008,1610612745,Houston Rockets,82,53,29,0.646,36.1,79.6,0.453,7.6,20.2,0.375,18.7,23.2,0.805,10.5,32.5,43.0,20.3,14.1,6.7,4.3,98.4,4.0,0.2537688442211055
2008-09,2008,1610612754,Indiana Pacers,82,36,46,0.439,39.3,86.3,0.455,8.0,21.0,0.378,18.6,23.0,0.807,11.3,32.5,43.7,21.6,14.5,7.0,5.3,105.1,-1.1,0.24333719582850522
2008-09,2008,1610612746,Los Angeles Clippers,82,19,63,0.232,36.0,81.7,0.441,6.5,18.5,0.354,16.5,22.4,0.736,10.9,29.0,39.8,21.0,14.9,7.0,5.9,95.1,-8.8,0.22643818849449204
2008-09,2008,1610612747,Los Angeles Lakers,82,65,17,0.793,40.3,85.1,0.474,6.7,18.5,0.361,19.6,25.5,0.77,12.4,31.5,43.9,23.3,13.5,8.8,5.1,106.9,7.7,0.2173913043478261
2008-09,2008,1610612763,Memphis Grizzlies,82,24,58,0.293,34.9,77.0,0.454,4.9,13.5,0.36,19.1,25.3,0.756,10.3,28.5,38.8,17.4,15.3,7.5,4.7,93.9,-5.5,0.17532467532467533
2008-09,2008,1610612748,Miami Heat,82,43,39,0.524,37.0,81.0,0.457,7.1,19.9,0.357,17.2,22.8,0.754,10.1,29.4,39.5,20.4,12.5,7.9,5.5,98.3,0.3,0.245679012345679
2008-09,2008,1610612749,Milwaukee Bucks,82,34,48,0.415,36.7,82.4,0.445,6.2,17.2,0.363,19.7,25.2,0.78,11.9,28.9,40.7,22.0,14.1,7.4,3.8,99.3,-1.1,0.2087378640776699
2008-09,2008,1610612750,Minnesota Timberwolves,82,24,58,0.293,36.4,82.5,0.441,6.6,18.8,0.353,18.3,23.9,0.769,11.9,29.8,41.7,20.4,14.2,6.2,3.9,97.8,-4.9,0.22787878787878788
2008-09,2008,1610612751,New Jersey Nets,82,34,48,0.415,35.7,79.7,0.448,8.0,21.2,0.376,18.8,24.1,0.779,10.4,29.5,39.8,20.0,13.1,6.8,4.8,98.1,-2.4,0.2659974905897114
2008-09,2008,1610612740,New Orleans Hornets,82,49,33,0.598,35.5,77.6,0.457,6.8,18.6,0.364,18.0,22.4,0.807,9.8,29.9,39.7,19.6,12.5,7.2,4.1,95.8,1.5,0.23969072164948457
2008-09,2008,1610612752,New York Knicks,82,32,50,0.39,38.5,86.5,0.445,10.0,27.9,0.36,18.2,23.2,0.784,11.1,31.0,42.1,21.2,14.3,7.4,2.5,105.2,-2.6,0.3225433526011561
2008-09,2008,1610612760,Oklahoma City Thunder,82,23,59,0.28,36.6,81.9,0.447,4.0,11.6,0.346,19.8,25.2,0.786,12.2,30.5,42.6,20.3,16.2,7.4,4.5,97.0,-6.1,0.14163614163614163
2008-09,2008,1610612753,Orlando Magic,82,59,23,0.72,35.7,78.2,0.457,10.0,26.2,0.381,19.6,27.5,0.715,10.0,33.3,43.3,19.4,13.9,7.0,5.4,101.0,6.7,0.3350383631713555
2008-09,2008,1610612755,Philadelphia 76ers,82,41,41,0.5,36.5,79.7,0.459,4.2,13.1,0.318,20.1,27.0,0.745,12.7,28.5,41.2,20.1,14.1,8.0,5.1,97.4,0.1,0.164366373902133
2008-09,2008,1610612756,Phoenix Suns,82,46,36,0.561,41.1,81.6,0.504,6.7,17.6,0.383,20.4,27.5,0.744,11.0,30.7,41.7,23.2,15.7,7.2,5.1,109.4,1.9,0.21568627450980396
2008-09,2008,1610612757,Portland Trail Blazers,82,54,28,0.659,36.8,79.2,0.465,7.3,19.0,0.383,18.5,24.2,0.765,12.9,28.8,41.7,20.3,12.9,6.7,4.9,99.4,5.3,0.2398989898989899
2008-09,2008,1610612758,Sacramento Kings,82,17,65,0.207,36.5,81.5,0.447,7.1,19.4,0.368,20.5,25.7,0.798,10.2,28.9,39.1,19.7,15.4,6.9,4.3,100.6,-8.8,0.2380368098159509
2008-09,2008,1610612759,San Antonio Spurs,82,54,28,0.659,37.1,79.7,0.466,7.6,19.8,0.386,15.2,20.0,0.761,8.9,32.2,41.0,21.2,11.7,5.8,4.0,97.0,3.8,0.24843161856963614
2008-09,2008,1610612761,Toronto Raptors,82,33,49,0.402,37.2,81.4,0.458,5.8,15.7,0.372,18.7,22.7,0.824,9.8,30.6,40.4,22.4,13.4,6.4,4.8,99.0,-2.8,0.19287469287469286
2008-09,2008,1610612762,Utah Jazz,82,48,34,0.585,38.3,80.8,0.475,4.8,13.7,0.349,22.1,28.7,0.771,11.5,29.5,41.0,24.7,14.8,8.8,4.6,103.6,2.6,0.16955445544554454
2008-09,2008,1610612764,Washington Wizards,82,19,63,0.232,36.5,81.2,0.45,4.8,14.6,0.33,18.2,23.8,0.767,11.7,28.4,40.1,20.0,14.0,7.5,4.5,96.1,-7.5,0.17980295566502463
2009-10,2009,1610612737,Atlanta Hawks,82,53,29,0.646,38.8,82.9,0.468,6.4,17.7,0.36,17.7,23.3,0.759,11.8,29.9,41.7,21.8,12.0,7.2,5.0,101.7,4.7,0.21351025331724968
2009-10,2009,1610612738,Boston Celtics,82,50,32,0.61,37.1,76.8,0.483,6.1,17.5,0.348,19.0,25.5,0.746,8.7,29.9,38.6,23.5,14.9,8.5,4.9,99.2,3.7,0.22786458333333334
2009-10,2009,1610612766,Charlotte Bobcats,82,44,38,0.537,34.9,76.9,0.453,5.6,16.2,0.346,20.0,26.6,0.751,10.5,30.4,40.8,20.2,15.7,7.7,5.4,95.3,1.5,0.21066319895968788
2009-10,2009,1610612741,Chicago Bulls,82,41,41,0.5,37.6,83.2,0.451,4.3,13.0,0.33,18.0,23.9,0.754,11.4,33.1,44.5,20.8,14.3,6.5,5.8,97.5,-1.6,0.15625
2009-10,2009,1610612739,Cleveland Cavaliers,82,61,21,0.744,37.8,77.9,0.485,7.3,19.3,0.381,19.1,26.6,0.72,9.6,32.8,42.5,22.4,13.9,6.9,5.2,102.1,6.5,0.24775353016688062
2009-10,2009,1610612742,Dallas Mavericks,82,55,27,0.671,38.3,82.4,0.464,6.8,18.3,0.372,18.6,22.8,0.816,10.2,31.5,41.7,23.4,12.9,7.6,5.5,102.0,2.7,0.22208737864077668
2009-10,2009,1610612743,Denver Nuggets,82,53,29,0.646,38.1,81.4,0.468,6.6,18.5,0.359,23.6,30.6,0.772,10.8,30.5,41.4,21.0,13.9,8.3,5.1,106.5,4.1,0.22727272727272727
2009-10,2009,1610612765,Detroit Pistons,82,27,55,0.329,35.9,80.5,0.445,4.6,14.5,0.314,17.7,24.4,0.728,12.8,27.3,40.2,19.4,13.4,7.3,3.8,94.0,-5.1,0.18012422360248448
2009-10,2009,1610612744,Golden State Warriors,82,26,56,0.317,40.6,86.5,0.469,7.7,20.6,0.375,19.9,25.4,0.782,9.2,29.2,38.4,22.4,14.7,9.3,4.1,108.8,-3.6,0.23815028901734106
2009-10,2009,1610612745,Houston Rockets,82,42,40,0.512,37.7,84.4,0.447,7.9,22.4,0.351,19.0,24.7,0.772,11.8,30.1,42.0,21.8,14.5,7.1,3.9,102.4,-0.4,0.2654028436018957
2009-10,2009,1610612754,Indiana Pacers,82,32,50,0.39,36.8,83.2,0.443,8.0,23.1,0.348,19.1,24.6,0.775,9.6,31.9,41.5,21.1,15.0,7.1,5.4,100.8,-3.0,0.2776442307692308
2009-10,2009,1610612746,Los Angeles Clippers,82,29,53,0.354,36.6,80.5,0.455,5.9,17.8,0.332,16.6,22.8,0.73,11.3,30.5,41.8,22.1,15.7,6.5,5.7,95.7,-6.4,0.22111801242236026
2009-10,2009,1610612747,Los Angeles Lakers,82,57,25,0.695,38.3,83.8,0.457,6.5,19.0,0.341,18.5,24.2,0.765,11.9,32.5,44.3,21.1,13.4,7.5,4.9,101.7,4.7,0.22673031026252985
2009-10,2009,1610612763,Memphis Grizzlies,82,40,42,0.488,39.3,83.8,0.469,4.2,12.4,0.337,19.7,26.9,0.733,13.0,30.4,43.5,18.8,15.2,7.9,4.9,102.5,-1.5,0.1479713603818616
2009-10,2009,1610612748,Miami Heat,82,47,35,0.573,36.4,79.5,0.458,6.0,17.4,0.346,17.7,23.5,0.752,10.7,31.1,41.8,18.9,13.2,7.4,5.6,96.5,2.3,0.21886792452830187
2009-10,2009,1610612749,Milwaukee Bucks,82,46,36,0.561,37.2,85.3,0.436,7.9,22.1,0.356,15.4,20.4,0.755,11.8,31.2,43.0,21.2,13.2,7.1,4.7,97.7,1.7,0.2590855803048066
2009-10,2009,1610612750,Minnesota Timberwolves,82,15,67,0.183,37.9,84.4,0.449,4.9,14.4,0.341,17.5,23.5,0.746,11.7,31.2,42.9,19.8,16.3,7.3,3.7,98.2,-9.6,0.17061611374407581
2009-10,2009,1610612751,New Jersey Nets,82,12,70,0.146,34.3,79.9,0.429,4.6,14.5,0.318,19.2,24.6,0.78,10.9,28.8,39.7,18.8,14.4,7.0,4.8,92.4,-9.1,0.18147684605757194
2009-10,2009,1610612740,New Orleans Hornets,82,37,45,0.451,38.8,83.4,0.464,7.0,19.2,0.363,15.8,20.3,0.778,10.4,29.9,40.3,22.3,13.5,7.6,3.7,100.2,-2.5,0.23021582733812948
2009-10,2009,1610612752,New York Knicks,82,29,53,0.354,38.1,83.9,0.455,9.1,26.2,0.346,16.8,21.5,0.782,10.2,30.2,40.4,21.6,14.0,7.1,3.7,102.1,-3.8,0.31227651966626935
2009-10,2009,1610612760,Oklahoma City Thunder,82,50,32,0.61,37.4,80.8,0.462,5.1,15.0,0.34,21.7,27.0,0.805,11.7,31.8,43.5,20.0,15.0,8.0,5.9,101.5,3.5,0.18564356435643564
2009-10,2009,1610612753,Orlando Magic,82,59,23,0.72,36.6,78.0,0.47,10.3,27.3,0.375,19.2,26.5,0.724,9.9,33.4,43.2,19.7,14.1,6.2,5.6,102.8,7.5,0.35000000000000003
2009-10,2009,1610612755,Philadelphia 76ers,82,27,55,0.329,37.6,81.8,0.46,5.8,16.8,0.343,16.7,22.0,0.756,11.5,29.5,41.0,21.0,14.5,8.1,5.4,97.7,-3.9,0.20537897310513448
2009-10,2009,1610612756,Phoenix Suns,82,54,28,0.659,40.7,82.8,0.492,8.9,21.6,0.412,19.9,25.8,0.77,11.1,31.9,43.0,23.3,14.8,5.8,5.1,110.2,4.9,0.26086956521739135
2009-10,2009,1610612757,Portland Trail Blazers,82,50,32,0.61,36.3,78.7,0.461,6.0,16.9,0.354,19.6,24.8,0.79,11.1,29.1,40.2,20.4,12.3,6.4,4.3,98.1,3.3,0.2147395171537484
2009-10,2009,1610612758,Sacramento Kings,82,25,57,0.305,38.3,84.1,0.456,5.9,16.9,0.349,17.4,24.0,0.726,11.9,30.7,42.6,20.5,15.0,6.9,4.5,100.0,-4.4,0.20095124851367419
2009-10,2009,1610612759,San Antonio Spurs,82,50,32,0.61,38.4,81.2,0.473,6.8,18.9,0.358,17.8,24.0,0.74,10.8,32.0,42.8,22.3,13.6,6.3,4.6,101.4,5.1,0.23275862068965514
2009-10,2009,1610612761,Toronto Raptors,82,40,42,0.488,39.0,80.9,0.482,6.3,17.0,0.371,19.7,25.8,0.764,9.8,30.6,40.4,22.0,13.4,5.7,4.7,104.1,-1.8,0.21013597033374534
2009-10,2009,1610612762,Utah Jazz,82,53,29,0.646,39.4,80.2,0.491,5.4,14.7,0.364,20.2,27.2,0.741,10.6,31.6,42.2,26.7,15.2,8.2,4.9,104.2,5.3,0.18329177057356608
2009-10,2009,1610612764,Washington Wizards,82,26,56,0.317,36.7,81.7,0.449,5.3,14.9,0.353,17.6,23.1,0.762,11.8,30.0,41.8,19.0,14.9,6.0,5.1,96.2,-4.8,0.18237454100367198
2010-11,2010,1610612737,Atlanta Hawks,82,44,38,0.537,36.2,78.4,0.462,6.1,17.4,0.352,16.4,21.1,0.779,9.3,30.0,39.3,22.0,13.6,6.1,4.2,95.0,-0.8,0.22193877551020405
2010-11,2010,1610612738,Boston Celtics,82,56,26,0.683,36.9,75.8,0.486,5.0,13.6,0.365,17.8,23.1,0.77,7.8,31.0,38.8,23.4,14.6,8.2,4.2,96.5,5.4,0.17941952506596306
2010-11,2010,1610612766,Charlotte Bobcats,82,34,48,0.415,35.0,77.6,0.451,4.8,14.7,0.327,18.4,24.4,0.756,10.3,29.8,40.1,21.1,14.5,6.4,5.3,93.3,-4.0,0.18943298969072164
2010-11,2010,1610612741,Chicago Bulls,82,62,20,0.756,37.1,80.3,0.462,6.2,17.3,0.361,18.2,24.5,0.743,11.8,32.4,44.2,22.3,14.2,7.2,5.7,98.6,7.3,0.21544209215442095
2010-11,2010,1610612739,Cleveland Cavaliers,82,19,63,0.232,35.2,81.1,0.434,6.2,18.2,0.342,18.9,25.3,0.745,10.4,29.9,40.3,21.0,14.2,6.6,4.2,95.5,-9.0,0.22441430332922319
2010-11,2010,1610612742,Dallas Mavericks,82,57,25,0.695,37.4,78.8,0.475,7.9,21.6,0.365,17.5,22.6,0.777,9.5,31.9,41.4,23.8,14.0,6.8,4.3,100.2,4.2,0.2741116751269036
2010-11,2010,1610612743,Denver Nuggets,82,50,32,0.61,38.4,80.6,0.476,8.1,20.8,0.388,22.7,29.6,0.765,9.6,32.3,42.0,22.1,14.1,7.4,4.3,107.5,4.8,0.2580645161290323
2010-11,2010,1610612765,Detroit Pistons,82,30,52,0.366,37.3,81.1,0.46,5.8,15.3,0.376,16.7,22.6,0.737,11.4,27.3,38.6,21.1,13.0,7.3,4.0,97.0,-3.6,0.18865598027127006
2010-11,2010,1610612744,Golden State Warriors,82,36,46,0.439,39.6,85.9,0.461,8.4,21.3,0.392,15.7,20.7,0.761,11.6,28.9,40.5,22.5,14.6,9.0,5.0,103.4,-2.3,0.2479627473806752
2010-11,2010,1610612745,Houston Rockets,82,43,39,0.524,38.7,85.1,0.454,8.3,22.5,0.367,20.3,25.4,0.801,11.7,31.1,42.8,23.8,13.5,7.1,4.5,105.9,2.2,0.26439482961222094
2010-11,2010,1610612754,Indiana Pacers,82,37,45,0.451,36.6,82.8,0.442,7.1,20.2,0.354,19.4,24.8,0.782,11.1,32.4,43.5,19.6,15.4,7.1,5.6,99.8,-1.1,0.24396135265700483
2010-11,2010,1610612746,Los Angeles Clippers,82,32,50,0.39,36.8,80.4,0.457,6.3,18.5,0.338,18.9,26.7,0.707,11.6,30.5,42.1,22.1,16.4,7.1,4.9,98.6,-3.1,0.23009950248756217
2010-11,2010,1610612747,Los Angeles Lakers,82,57,25,0.695,38.1,82.4,0.463,6.4,18.1,0.352,18.8,24.1,0.779,12.1,31.9,44.0,22.0,13.1,7.3,5.1,101.5,6.1,0.2196601941747573
2010-11,2010,1610612763,Memphis Grizzlies,82,46,36,0.561,39.0,82.9,0.471,3.8,11.3,0.334,18.1,24.2,0.75,11.8,29.2,41.0,20.6,14.0,9.4,5.4,99.9,2.3,0.13630880579010857
2010-11,2010,1610612748,Miami Heat,82,58,24,0.707,37.0,76.8,0.481,6.7,18.0,0.37,21.5,27.9,0.769,9.6,32.5,42.1,20.0,13.9,6.6,5.2,102.1,7.5,0.234375
2010-11,2010,1610612749,Milwaukee Bucks,82,35,47,0.427,34.3,79.8,0.43,5.9,17.2,0.342,17.4,22.9,0.757,10.5,30.2,40.8,18.8,13.5,7.5,4.9,91.9,-0.8,0.21553884711779447
2010-11,2010,1610612750,Minnesota Timberwolves,82,17,65,0.207,37.7,85.5,0.441,7.2,19.1,0.376,18.5,24.1,0.768,13.2,31.2,44.4,20.1,17.0,7.2,5.1,101.1,-6.6,0.22339181286549709
2010-11,2010,1610612751,New Jersey Nets,82,24,58,0.293,35.6,81.0,0.44,5.6,16.3,0.343,17.4,22.9,0.759,11.1,29.8,40.8,21.0,14.0,5.6,4.7,94.2,-6.2,0.2012345679012346
2010-11,2010,1610612740,New Orleans Hornets,82,46,36,0.561,35.9,78.2,0.459,5.4,15.0,0.36,17.7,23.1,0.765,10.0,30.1,40.1,20.6,13.0,7.6,4.4,94.9,0.9,0.1918158567774936
2010-11,2010,1610612752,New York Knicks,82,42,40,0.512,38.3,83.7,0.457,9.3,25.4,0.368,20.6,25.5,0.809,10.3,30.1,40.5,21.4,13.7,7.6,5.8,106.5,0.8,0.3034647550776583
2010-11,2010,1610612760,Oklahoma City Thunder,82,55,27,0.671,37.4,80.6,0.464,5.9,17.1,0.347,24.1,29.3,0.823,11.0,31.8,42.8,20.4,14.1,8.0,5.9,104.8,3.8,0.2121588089330025
2010-11,2010,1610612753,Orlando Magic,82,52,30,0.634,36.0,78.2,0.461,9.4,25.6,0.366,17.7,25.6,0.692,10.5,32.7,43.2,20.0,14.9,6.7,4.7,99.2,5.5,0.3273657289002558
2010-11,2010,1610612755,Philadelphia 76ers,82,41,41,0.5,38.1,82.6,0.461,5.4,15.2,0.355,17.4,22.6,0.77,10.4,31.4,41.8,22.7,13.0,7.6,4.3,99.0,1.5,0.18401937046004843
2010-11,2010,1610612756,Phoenix Suns,82,40,42,0.488,39.3,83.5,0.47,8.5,22.6,0.377,18.0,23.6,0.759,10.0,30.2,40.2,23.7,14.3,6.6,4.4,105.0,-0.9,0.27065868263473053
2010-11,2010,1610612757,Portland Trail Blazers,82,48,34,0.585,36.0,80.5,0.447,6.3,18.3,0.345,18.0,22.4,0.804,12.1,27.2,39.3,21.2,13.0,8.0,4.4,96.3,1.5,0.22732919254658385
2010-11,2010,1610612758,Sacramento Kings,82,24,58,0.293,38.2,85.1,0.449,5.2,15.6,0.335,17.7,24.2,0.734,13.1,30.8,43.9,20.4,16.1,7.4,4.8,99.4,-5.3,0.18331374853113985
2010-11,2010,1610612759,San Antonio Spurs,82,61,21,0.744,38.4,80.8,0.475,8.4,21.1,0.397,18.5,24.2,0.767,10.1,31.7,41.9,22.4,13.4,7.3,4.5,103.7,5.7,0.26113861386138615
2010-11,2010,1610612761,Toronto Raptors,82,22,60,0.268,38.3,82.4,0.465,4.2,13.3,0.316,18.2,24.1,0.755,11.7,28.6,40.3,21.9,14.7,7.1,4.3,99.1,-6.3,0.16140776699029125
2010-11,2010,1610612762,Utah Jazz,82,39,43,0.476,37.4,80.4,0.465,5.3,15.3,0.346,19.4,25.1,0.771,11.0,28.5,39.5,23.4,14.3,7.7,5.9,99.4,-1.8,0.19029850746268656
2010-11,2010,1610612764,Washington Wizards,82,23,59,0.28,37.2,84.0,0.443,4.8,14.4,0.332,18.2,24.4,0.745,12.4,29.0,41.3,19.4,15.3,8.1,6.1,97.3,-7.4,0.17142857142857143
2011-12,2011,1610612737,Atlanta Hawks,66,40,26,0.606,36.8,81.0,0.454,7.5,20.2,0.37,15.5,21.0,0.74,9.9,31.3,41.2,22.4,14.0,8.1,4.6,96.6,3.4,0.2493827160493827
2011-12,2011,1610612738,Boston Celtics,66,39,27,0.591,35.5,77.1,0.46,5.5,15.0,0.367,15.4,19.8,0.778,7.7,31.1,38.8,23.6,14.8,7.5,5.5,91.8,2.5,0.19455252918287938
2011-12,2011,1610612766,Charlotte Bobcats,66,7,59,0.106,33.2,80.2,0.414,4.0,13.5,0.295,16.5,22.2,0.746,10.3,28.7,39.0,20.1,14.5,6.0,5.5,87.0,-13.9,0.16832917705735662
2011-12,2011,1610612741,Chicago Bulls,66,50,16,0.758,37.4,82.8,0.452,6.3,16.9,0.375,15.2,21.1,0.722,13.9,32.8,46.7,23.1,14.0,6.9,5.9,96.3,8.2,0.2041062801932367
2011-12,2011,1610612739,Cleveland Cavaliers,66,21,45,0.318,34.3,81.2,0.422,6.7,19.3,0.346,17.8,24.9,0.716,12.7,29.5,42.3,19.8,15.4,7.1,4.0,93.0,-7.2,0.2376847290640394
2011-12,2011,1610612742,Dallas Mavericks,66,36,30,0.545,36.3,82.0,0.443,7.5,22.2,0.339,15.6,20.2,0.771,10.1,32.7,42.8,20.9,14.0,8.6,5.1,95.8,1.0,0.2707317073170732
2011-12,2011,1610612743,Denver Nuggets,66,38,28,0.576,39.0,81.9,0.476,6.6,19.9,0.332,19.6,26.7,0.735,11.2,31.9,43.1,24.0,15.4,8.2,5.0,104.1,2.9,0.24297924297924295
2011-12,2011,1610612765,Detroit Pistons,66,25,41,0.379,34.7,79.3,0.438,4.8,13.9,0.346,16.6,22.1,0.752,11.7,28.5,40.3,18.7,15.7,7.0,4.2,90.9,-4.8,0.17528373266078184
2011-12,2011,1610612744,Golden State Warriors,66,23,43,0.348,37.7,82.5,0.457,7.9,20.5,0.388,14.4,18.7,0.77,9.7,29.5,39.2,22.3,13.9,8.0,5.5,97.8,-3.4,0.24848484848484848
2011-12,2011,1610612745,Houston Rockets,66,34,32,0.515,37.7,84.0,0.449,7.2,20.2,0.359,15.4,19.7,0.782,11.7,30.5,42.2,21.3,14.5,7.5,4.8,98.1,0.2,0.24047619047619045
2011-12,2011,1610612754,Indiana Pacers,66,42,24,0.636,35.7,81.4,0.438,5.9,16.1,0.368,20.4,26.1,0.782,12.5,31.4,43.9,18.6,14.0,7.9,5.4,97.7,3.3,0.1977886977886978
2011-12,2011,1610612746,Los Angeles Clippers,66,40,26,0.606,37.0,81.3,0.455,7.8,21.8,0.357,15.8,23.3,0.68,12.1,29.4,41.6,21.0,13.3,8.4,4.8,97.5,2.6,0.2681426814268143
2011-12,2011,1610612747,Los Angeles Lakers,66,41,25,0.621,36.8,80.6,0.457,5.5,16.8,0.326,18.2,24.1,0.756,12.1,34.1,46.2,22.5,15.1,5.9,5.3,97.3,1.4,0.20843672456575685
2011-12,2011,1610612763,Memphis Grizzlies,66,41,25,0.621,36.7,82.2,0.447,4.2,12.9,0.326,17.3,22.8,0.759,12.6,29.5,42.0,19.5,14.5,9.6,5.2,95.0,2.0,0.15693430656934307
2011-12,2011,1610612748,Miami Heat,66,46,20,0.697,37.1,79.0,0.469,5.6,15.6,0.359,18.8,24.2,0.775,10.4,31.2,41.6,20.0,15.2,8.9,5.4,98.5,6.0,0.19746835443037974
2011-12,2011,1610612749,Milwaukee Bucks,66,31,35,0.47,37.9,85.6,0.443,6.6,19.2,0.345,16.6,21.4,0.774,12.4,30.0,42.5,23.5,14.1,8.3,5.1,99.0,0.3,0.22429906542056074
2011-12,2011,1610612750,Minnesota Timberwolves,66,26,40,0.394,35.7,82.3,0.433,7.2,21.6,0.332,19.4,25.2,0.771,12.1,31.7,43.7,19.5,15.2,6.6,4.4,97.9,-2.2,0.2624544349939247
2011-12,2011,1610612751,New Jersey Nets,66,22,44,0.333,34.3,80.6,0.425,7.7,22.4,0.342,16.9,21.7,0.777,11.9,28.5,40.3,19.9,15.1,7.5,3.9,93.1,-6.0,0.27791563275434245
2011-12,2011,1610612740,New Orleans Hornets,66,21,45,0.318,34.8,77.3,0.451,3.9,11.8,0.333,16.0,21.2,0.757,11.0,30.2,41.1,20.7,15.5,7.4,4.8,89.6,-3.8,0.15265200517464425
2011-12,2011,1610612752,New York Knicks,66,36,30,0.545,35.8,80.8,0.443,7.8,23.3,0.336,18.3,24.8,0.741,11.3,30.5,41.7,20.1,16.0,9.4,4.2,97.8,3.2,0.2883663366336634
2011-12,2011,1610612760,Oklahoma City Thunder,66,47,19,0.712,37.3,79.2,0.471,7.2,20.0,0.358,21.3,26.4,0.806,11.0,32.7,43.7,18.5,16.3,7.5,8.2,103.1,6.1,0.25252525252525254
2011-12,2011,1610612753,Orlando Magic,66,37,29,0.561,34.5,78.2,0.441,10.2,27.0,0.375,15.1,22.8,0.66,11.2,31.2,42.5,20.0,14.9,6.8,4.2,94.2,0.8,0.3452685421994885
2011-12,2011,1610612755,Philadelphia 76ers,66,35,31,0.53,37.4,83.6,0.448,5.3,14.6,0.362,13.5,18.2,0.742,10.7,32.5,43.2,22.0,11.2,8.0,5.2,93.6,4.2,0.17464114832535885
2011-12,2011,1610612756,Phoenix Suns,66,33,33,0.5,37.8,82.5,0.458,6.7,19.6,0.343,16.0,21.2,0.757,10.9,30.8,41.7,22.5,14.1,6.5,5.5,98.4,-0.2,0.2375757575757576
2011-12,2011,1610612757,Portland Trail Blazers,66,28,38,0.424,36.4,82.1,0.443,7.2,20.9,0.346,17.2,21.6,0.796,11.1,29.5,40.7,20.4,14.2,8.0,4.9,97.2,-0.6,0.2545676004872107
2011-12,2011,1610612758,Sacramento Kings,66,22,44,0.333,37.7,86.5,0.436,6.2,19.7,0.316,17.1,23.2,0.736,13.4,29.5,42.9,19.3,14.4,8.5,4.9,98.8,-5.7,0.2277456647398844
2011-12,2011,1610612759,San Antonio Spurs,66,50,16,0.758,39.6,82.8,0.478,8.4,21.3,0.393,16.2,21.6,0.748,10.3,32.6,43.0,23.2,13.6,7.4,4.4,103.7,7.2,0.25724637681159424
2011-12,2011,1610612761,Toronto Raptors,66,23,43,0.348,34.4,78.1,0.44,5.5,16.3,0.34,16.4,21.4,0.77,10.6,31.4,42.0,20.9,15.2,6.5,4.9,90.7,-3.3,0.20870678617157493
2011-12,2011,1610612762,Utah Jazz,66,36,30,0.545,38.2,83.8,0.456,4.1,12.8,0.323,19.1,25.3,0.754,13.0,31.1,44.2,21.8,14.2,8.3,5.8,99.7,0.6,0.15274463007159905
2011-12,2011,1610612764,Washington Wizards,66,20,46,0.303,36.6,83.0,0.441,5.2,16.3,0.32,15.3,21.0,0.727,11.7,29.9,41.7,19.1,15.3,8.0,6.3,93.6,-4.8,0.1963855421686747
2012-13,2012,1610612737,Atlanta Hawks,82,44,38,0.537,37.6,81.0,0.464,8.6,23.2,0.371,14.1,19.7,0.715,9.2,31.6,40.9,24.5,14.9,8.1,4.5,98.0,0.4,0.28641975308641976
2012-13,2012,1610612738,Boston Celtics,81,41,40,0.506,37.0,79.7,0.465,6.1,17.2,0.358,16.3,21.0,0.776,8.1,31.3,39.3,22.8,14.6,8.2,4.5,96.5,-0.2,0.21580928481806774
2012-13,2012,1610612751,Brooklyn Nets,82,49,33,0.598,35.9,79.8,0.45,7.7,21.5,0.357,17.5,23.9,0.731,12.8,30.0,42.8,20.3,14.7,7.3,4.8,96.9,1.8,0.2694235588972431
2012-13,2012,1610612766,Charlotte Bobcats,82,21,61,0.256,34.4,81.1,0.425,5.7,17.1,0.335,18.9,25.1,0.75,11.2,29.1,40.3,19.4,14.1,7.2,5.8,93.4,-9.2,0.2108508014796548
2012-13,2012,1610612741,Chicago Bulls,82,45,37,0.549,35.7,81.7,0.437,5.4,15.4,0.353,16.4,21.2,0.773,12.5,30.7,43.2,23.0,14.3,7.2,5.1,93.2,0.3,0.18849449204406366
2012-13,2012,1610612739,Cleveland Cavaliers,82,24,58,0.293,36.5,84.2,0.434,6.7,19.3,0.346,16.8,22.3,0.756,12.2,28.8,41.0,20.7,14.0,7.9,4.1,96.5,-4.7,0.2292161520190024
2012-13,2012,1610612742,Dallas Mavericks,82,41,41,0.5,38.8,84.0,0.462,7.4,19.9,0.372,16.1,20.4,0.793,9.4,32.6,41.9,23.2,14.0,7.9,5.5,101.1,-0.6,0.2369047619047619
2012-13,2012,1610612743,Denver Nuggets,82,57,25,0.695,40.7,85.2,0.478,6.4,18.5,0.343,18.4,26.2,0.701,13.3,31.7,45.0,24.4,15.3,9.3,6.5,106.1,5.1,0.21713615023474178
2012-13,2012,1610612765,Detroit Pistons,82,29,53,0.354,36.3,81.0,0.449,6.3,17.6,0.356,15.9,22.8,0.699,12.1,30.0,42.1,21.2,15.1,7.0,4.9,94.9,-4.0,0.21728395061728398
2012-13,2012,1610612744,Golden State Warriors,82,47,35,0.573,38.2,83.4,0.458,8.0,19.9,0.403,16.8,21.3,0.79,10.8,34.2,45.0,22.5,15.1,6.9,4.2,101.2,0.9,0.2386091127098321
2012-13,2012,1610612745,Houston Rockets,82,45,37,0.549,38.1,82.7,0.461,10.6,28.9,0.366,19.2,25.5,0.754,11.1,32.3,43.4,23.2,16.4,8.3,4.4,106.0,3.5,0.3494558645707376
2012-13,2012,1610612754,Indiana Pacers,81,49,32,0.605,35.1,80.6,0.436,6.9,19.7,0.347,17.6,23.6,0.746,12.9,33.0,45.9,20.3,15.1,7.2,6.3,94.7,4.0,0.24441687344913152
2012-13,2012,1610612746,Los Angeles Clippers,82,56,26,0.683,38.5,80.6,0.478,7.6,21.4,0.358,16.4,23.0,0.711,11.4,30.2,41.6,23.9,14.6,9.6,5.6,101.1,6.5,0.2655086848635236
2012-13,2012,1610612747,Los Angeles Lakers,82,45,37,0.549,37.1,81.0,0.458,8.7,24.6,0.355,19.3,27.9,0.692,11.5,33.3,44.8,22.2,15.0,7.0,5.2,102.2,1.2,0.3037037037037037
2012-13,2012,1610612763,Memphis Grizzlies,82,56,26,0.683,36.1,81.5,0.444,4.7,13.5,0.345,16.5,21.3,0.773,12.9,29.8,42.7,20.9,14.0,8.6,5.3,93.4,4.1,0.1656441717791411
2012-13,2012,1610612748,Miami Heat,82,66,16,0.805,38.4,77.4,0.496,8.7,22.1,0.396,17.4,23.0,0.754,8.2,30.4,38.6,23.0,13.9,8.7,5.4,102.9,7.9,0.2855297157622739
2012-13,2012,1610612749,Milwaukee Bucks,82,38,44,0.463,38.1,87.8,0.435,7.3,20.4,0.36,15.3,20.7,0.736,13.0,30.9,44.0,22.9,14.1,8.4,6.7,98.9,-1.5,0.23234624145785876
2012-13,2012,1610612750,Minnesota Timberwolves,82,31,51,0.378,35.9,81.7,0.439,5.5,18.0,0.305,18.5,24.9,0.742,11.9,30.2,42.0,22.4,14.8,8.5,4.7,95.7,-2.4,0.22031823745410037
2012-13,2012,1610612740,New Orleans Hornets,82,27,55,0.329,36.0,80.4,0.448,6.5,18.0,0.363,15.5,20.0,0.776,12.0,29.6,41.6,21.0,14.5,6.3,5.4,94.1,-3.9,0.22388059701492535
2012-13,2012,1610612752,New York Knicks,82,54,28,0.659,36.5,81.6,0.448,10.9,28.9,0.376,16.0,21.1,0.759,10.9,29.7,40.6,19.3,12.0,8.2,3.6,100.0,4.2,0.3541666666666667
2012-13,2012,1610612760,Oklahoma City Thunder,82,60,22,0.732,38.1,79.3,0.481,7.3,19.4,0.377,22.2,26.8,0.828,10.4,33.2,43.6,21.4,15.3,8.3,7.6,105.7,9.2,0.244640605296343
2012-13,2012,1610612753,Orlando Magic,82,20,62,0.244,37.7,84.2,0.448,6.2,18.7,0.329,12.5,16.6,0.755,10.9,31.9,42.7,22.8,14.5,6.4,4.4,94.1,-7.0,0.22209026128266032
2012-13,2012,1610612755,Philadelphia 76ers,82,34,48,0.415,37.3,84.1,0.444,6.3,17.5,0.36,12.2,16.8,0.729,10.9,30.4,41.3,22.8,13.0,7.4,4.7,93.2,-3.3,0.2080856123662307
2012-13,2012,1610612756,Phoenix Suns,82,25,57,0.305,37.3,84.4,0.443,5.9,17.7,0.33,14.7,19.7,0.744,11.7,29.9,41.6,22.6,15.6,8.0,5.3,95.2,-6.5,0.2097156398104265
2012-13,2012,1610612757,Portland Trail Blazers,82,33,49,0.402,36.7,81.9,0.448,8.2,23.2,0.353,15.9,20.5,0.776,10.7,30.2,40.8,21.8,14.7,6.6,4.3,97.5,-3.2,0.28327228327228327
2012-13,2012,1610612758,Sacramento Kings,82,28,54,0.341,37.6,84.2,0.447,7.4,20.5,0.363,17.5,22.8,0.769,11.5,29.1,40.6,20.8,14.6,8.2,4.2,100.2,-4.9,0.24346793349168644
2012-13,2012,1610612759,San Antonio Spurs,82,58,24,0.707,39.1,81.4,0.481,8.1,21.5,0.376,16.6,21.0,0.791,8.1,33.2,41.3,25.1,14.7,8.5,5.4,103.0,6.4,0.2641277641277641
2012-13,2012,1610612761,Toronto Raptors,82,34,48,0.415,36.3,81.5,0.446,7.0,20.3,0.343,17.6,22.3,0.788,10.6,29.6,40.2,21.5,13.7,7.3,4.8,97.2,-1.5,0.249079754601227
2012-13,2012,1610612762,Utah Jazz,82,43,39,0.524,37.1,81.8,0.454,6.2,16.9,0.366,17.5,23.0,0.764,12.1,30.0,42.0,22.7,14.8,8.4,6.3,98.0,-0.1,0.20660146699266502
2012-13,2012,1610612764,Washington Wizards,82,29,53,0.354,35.5,81.6,0.435,6.6,18.2,0.365,15.6,21.3,0.733,10.8,32.3,43.2,21.6,15.1,7.3,4.6,93.2,-2.5,0.22303921568627452
2013-14,2013,1610612737,Atlanta Hawks,82,38,44,0.463,37.3,81.6,0.458,9.4,25.8,0.363,17.0,21.7,0.781,8.7,31.3,40.0,24.9,15.3,8.3,4.0,101.0,-0.5,0.31617647058823534
2013-14,2013,1610612738,Boston Celtics,82,25,57,0.305,36.5,83.9,0.435,7.0,21.1,0.333,16.2,20.8,0.777,12.0,30.5,42.5,21.0,15.4,7.1,4.2,96.2,-4.5,0.25148986889153757
2013-14,2013,1610612751,Brooklyn Nets,82,44,38,0.537,35.7,77.9,0.459,8.6,23.4,0.369,18.4,24.4,0.753,8.8,29.4,38.1,20.9,14.5,8.6,3.8,98.5,-1.0,0.300385109114249
2013-14,2013,1610612766,Charlotte Bobcats,82,43,39,0.524,36.3,82.1,0.442,6.3,17.9,0.351,18.0,24.4,0.737,9.5,33.2,42.7,21.7,12.3,6.1,5.1,96.9,-0.2,0.21802679658952498
2013-14,2013,1610612741,Chicago Bulls,82,48,34,0.585,34.7,80.2,0.432,6.2,17.8,0.348,18.1,23.3,0.779,11.4,32.7,44.1,22.7,14.9,7.2,5.2,93.7,1.9,0.22194513715710723
2013-14,2013,1610612739,Cleveland Cavaliers,82,33,49,0.402,37.0,84.8,0.437,7.1,20.0,0.356,17.0,22.7,0.751,12.1,32.1,44.1,21.2,14.2,7.1,3.7,98.2,-3.3,0.2358490566037736
2013-14,2013,1610612742,Dallas Mavericks,82,49,33,0.598,39.6,83.6,0.474,8.8,22.9,0.384,16.8,21.1,0.795,10.2,30.7,40.9,23.6,13.5,8.6,4.3,104.8,2.4,0.27392344497607657
2013-14,2013,1610612743,Denver Nuggets,82,36,46,0.439,38.4,85.9,0.447,8.6,23.9,0.358,19.1,26.3,0.726,12.3,33.1,45.4,22.4,15.9,7.5,5.6,104.4,-2.1,0.27823050058207216
2013-14,2013,1610612765,Detroit Pistons,82,29,53,0.354,38.8,86.9,0.447,6.2,19.3,0.321,17.3,25.7,0.67,14.6,30.8,45.4,20.9,14.5,8.4,4.8,101.0,-3.7,0.22209436133486765
2013-14,2013,1610612744,Golden State Warriors,82,51,31,0.622,39.5,85.4,0.462,9.4,24.8,0.38,15.9,21.1,0.753,10.9,34.4,45.3,23.3,15.2,7.8,5.0,104.3,4.8,0.2903981264637002
2013-14,2013,1610612745,Houston Rockets,82,54,28,0.659,38.0,80.5,0.472,9.5,26.6,0.358,22.1,31.1,0.712,11.2,34.1,45.3,21.4,16.1,7.6,5.6,107.7,4.6,0.3304347826086957
2013-14,2013,1610612754,Indiana Pacers,82,56,26,0.683,36.0,80.2,0.449,6.7,18.8,0.357,18.1,23.3,0.779,10.2,34.5,44.7,20.1,15.1,6.7,5.4,96.7,4.4,0.2344139650872818
2013-14,2013,1610612746,Los Angeles Clippers,82,57,25,0.695,39.1,82.5,0.474,8.5,24.0,0.352,21.2,29.1,0.73,10.5,32.5,43.0,24.6,13.9,8.6,4.8,107.9,7.0,0.2909090909090909
2013-14,2013,1610612747,Los Angeles Lakers,82,27,55,0.329,38.3,85.1,0.45,9.4,24.8,0.381,17.0,22.4,0.757,9.1,32.0,41.0,24.5,15.1,7.5,5.4,103.0,-6.3,0.29142185663924797
2013-14,2013,1610612763,Memphis Grizzlies,82,50,32,0.61,38.1,82.0,0.464,4.9,14.0,0.353,15.1,20.3,0.741,11.6,30.8,42.4,21.9,13.7,7.7,4.6,96.1,1.6,0.17073170731707318
2013-14,2013,1610612748,Miami Heat,82,54,28,0.659,38.3,76.5,0.501,8.1,22.3,0.364,17.5,23.0,0.76,7.6,29.2,36.9,22.5,14.8,8.9,4.5,102.2,4.8,0.29150326797385623
2013-14,2013,1610612749,Milwaukee Bucks,82,15,67,0.183,36.0,82.2,0.438,6.7,18.9,0.353,16.8,22.5,0.747,11.8,29.3,41.1,21.5,15.1,6.6,4.9,95.5,-8.2,0.22992700729927004
2013-14,2013,1610612750,Minnesota Timberwolves,82,40,42,0.488,38.9,87.5,0.444,7.3,21.4,0.341,21.8,28.1,0.778,12.5,32.2,44.7,23.9,13.9,8.8,3.6,106.9,2.7,0.24457142857142855
2013-14,2013,1610612740,New Orleans Pelicans,82,34,48,0.415,37.8,82.5,0.459,5.9,15.9,0.373,18.2,23.6,0.769,11.4,30.3,41.7,21.3,13.8,7.9,6.4,99.7,-2.7,0.19272727272727272
2013-14,2013,1610612752,New York Knicks,82,37,45,0.451,36.9,82.2,0.449,9.3,24.9,0.372,15.5,20.4,0.761,10.6,29.7,40.3,20.0,13.0,7.7,4.5,98.6,-0.8,0.30291970802919704
2013-14,2013,1610612760,Oklahoma City Thunder,82,59,23,0.72,39.0,82.7,0.471,8.1,22.4,0.361,20.2,25.0,0.806,10.8,33.9,44.7,21.9,15.3,8.3,6.1,106.2,6.3,0.27085852478839173
2013-14,2013,1610612753,Orlando Magic,82,23,59,0.28,36.9,82.7,0.445,6.9,19.5,0.353,15.9,20.9,0.763,9.7,32.4,42.0,21.0,14.9,7.7,4.3,96.5,-5.4,0.23579201934703747
2013-14,2013,1610612755,Philadelphia 76ers,82,19,63,0.232,37.9,87.2,0.435,7.0,22.5,0.312,16.6,23.4,0.71,11.6,31.2,42.7,21.8,16.9,9.3,4.0,99.5,-10.5,0.2580275229357798
2013-14,2013,1610612756,Phoenix Suns,82,48,34,0.585,38.7,83.5,0.463,9.3,25.1,0.372,18.5,24.4,0.758,11.3,31.7,43.0,19.1,15.3,8.4,4.6,105.2,2.6,0.3005988023952096
2013-14,2013,1610612757,Portland Trail Blazers,82,54,28,0.659,39.1,87.0,0.45,9.4,25.3,0.372,19.1,23.5,0.815,12.5,34.0,46.4,23.2,13.7,5.5,4.7,106.7,4.0,0.2908045977011494
2013-14,2013,1610612758,Sacramento Kings,82,28,54,0.341,36.9,82.5,0.447,6.0,18.0,0.333,20.7,27.3,0.759,12.1,32.4,44.5,18.9,15.2,7.2,3.9,100.5,-2.9,0.21818181818181817
2013-14,2013,1610612759,San Antonio Spurs,82,62,20,0.756,40.6,83.5,0.486,8.5,21.4,0.397,15.7,20.0,0.785,9.3,34.0,43.3,25.2,14.4,7.4,5.1,105.4,7.7,0.2562874251497006
2013-14,2013,1610612761,Toronto Raptors,82,48,34,0.585,36.5,81.9,0.445,8.7,23.4,0.372,19.6,25.1,0.782,11.4,31.1,42.5,21.2,14.1,7.0,4.2,101.3,3.2,0.2857142857142857
2013-14,2013,1610612762,Utah Jazz,82,25,57,0.305,36.0,81.1,0.444,6.6,19.2,0.344,16.4,22.0,0.747,11.0,30.2,41.2,20.3,14.6,7.0,4.5,95.0,-7.2,0.23674475955610358
2013-14,2013,1610612764,Washington Wizards,82,44,38,0.537,38.7,84.4,0.459,7.9,20.8,0.38,15.3,20.9,0.731,10.8,31.4,42.2,23.3,14.7,8.1,4.6,100.7,1.3,0.24644549763033174
2014-15,2014,1610612737,Atlanta Hawks,82,60,22,0.732,38.1,81.7,0.466,10.0,26.2,0.38,16.5,21.2,0.778,8.7,31.8,40.6,25.7,14.2,9.1,4.6,102.5,5.4,0.32068543451652387
2014-15,2014,1610612738,Boston Celtics,82,40,42,0.488,38.9,87.9,0.443,8.0,24.6,0.327,15.4,20.5,0.754,11.1,32.7,43.8,24.5,13.8,8.2,3.6,101.4,0.2,0.27986348122866894
2014-15,2014,1610612751,Brooklyn Nets,82,38,44,0.463,37.4,83.0,0.451,6.6,19.9,0.331,16.6,22.2,0.748,10.3,32.0,42.4,20.9,13.8,7.0,4.1,98.0,-2.9,0.2397590361445783
2014-15,2014,1610612766,Charlotte Hornets,82,33,49,0.402,35.5,84.5,0.42,6.1,19.1,0.318,17.0,22.8,0.748,10.0,34.1,44.1,20.2,11.9,6.1,5.5,94.2,-3.2,0.2260355029585799
2014-15,2014,1610612741,Chicago Bulls,82,50,32,0.61,36.6,82.9,0.442,7.9,22.3,0.353,19.7,25.2,0.783,11.7,34.0,45.7,21.7,14.0,6.3,5.8,100.8,3.0,0.2689987937273824
2014-15,2014,1610612739,Cleveland Cavaliers,82,53,29,0.646,37.7,82.2,0.458,10.1,27.5,0.367,17.7,23.6,0.751,11.1,31.9,43.0,22.1,14.3,7.4,4.1,103.1,4.5,0.33454987834549876
2014-15,2014,1610612742,Dallas Mavericks,82,50,32,0.61,39.7,85.8,0.463,8.9,25.4,0.352,16.9,22.5,0.752,10.5,31.8,42.3,22.5,13.0,8.1,4.5,105.2,2.9,0.296037296037296
2014-15,2014,1610612743,Denver Nuggets,82,30,52,0.366,37.8,87.3,0.433,8.0,24.8,0.325,17.8,24.3,0.734,12.3,32.4,44.7,21.8,14.2,7.8,4.5,101.5,-3.5,0.284077892325315
2014-15,2014,1610612765,Detroit Pistons,82,32,50,0.39,37.1,85.8,0.432,8.6,24.9,0.344,15.8,22.4,0.703,12.8,32.1,44.9,21.6,13.4,7.6,4.7,98.5,-1.0,0.2902097902097902
2014-15,2014,1610612744,Golden State Warriors,82,67,15,0.817,41.6,87.0,0.478,10.8,27.0,0.398,16.0,20.8,0.768,10.4,34.3,44.7,27.4,14.5,9.3,6.0,110.0,10.1,0.3103448275862069
2014-15,2014,1610612745,Houston Rockets,82,56,26,0.683,37.0,83.3,0.444,11.4,32.7,0.348,18.6,26.0,0.715,11.7,32.0,43.7,22.2,16.7,9.5,5.0,103.9,3.4,0.3925570228091237
2014-15,2014,1610612754,Indiana Pacers,82,38,44,0.463,36.6,83.2,0.439,7.5,21.2,0.352,16.7,22.2,0.756,10.4,34.4,44.9,21.4,14.0,6.2,4.6,97.3,0.3,0.2548076923076923
2014-15,2014,1610612746,Los Angeles Clippers,82,56,26,0.683,39.4,83.3,0.473,10.1,26.9,0.376,17.9,25.2,0.71,9.6,33.1,42.6,24.8,12.3,7.8,5.0,106.7,6.6,0.32292917166866747
2014-15,2014,1610612747,Los Angeles Lakers,82,21,61,0.256,37.2,85.6,0.435,6.5,18.9,0.344,17.5,23.6,0.741,11.6,32.3,43.9,20.9,13.2,7.0,4.5,98.5,-6.8,0.2207943925233645
2014-15,2014,1610612763,Memphis Grizzlies,82,55,27,0.671,37.8,82.5,0.458,5.2,15.2,0.339,17.6,22.8,0.773,10.4,32.1,42.6,21.7,13.3,8.5,4.2,98.3,3.2,0.18424242424242424
2014-15,2014,1610612748,Miami Heat,82,37,45,0.451,35.2,77.2,0.456,6.8,20.2,0.335,17.5,23.7,0.741,9.1,30.0,39.1,19.8,14.8,7.8,4.5,94.7,-2.6,0.2616580310880829
2014-15,2014,1610612749,Milwaukee Bucks,82,41,41,0.5,37.6,82.0,0.459,6.6,18.3,0.363,16.0,21.1,0.757,10.7,31.4,42.1,23.6,16.7,9.6,4.9,97.8,0.4,0.22317073170731708
2014-15,2014,1610612750,Minnesota Timberwolves,82,16,66,0.195,36.4,83.2,0.438,5.0,14.9,0.332,20.0,25.7,0.776,11.6,29.3,40.9,21.6,15.0,8.1,4.0,97.8,-8.8,0.17908653846153846
2014-15,2014,1610612740,New Orleans Pelicans,82,45,37,0.549,37.9,82.9,0.457,7.1,19.3,0.37,16.4,21.8,0.751,11.5,32.0,43.5,22.0,13.3,6.7,6.2,99.4,0.8,0.23281061519903498
2014-15,2014,1610612752,New York Knicks,82,17,65,0.207,35.1,82.0,0.428,6.8,19.7,0.347,14.8,19.2,0.769,10.6,29.8,40.4,21.3,14.7,7.0,4.7,91.9,-9.3,0.24024390243902438
2014-15,2014,1610612760,Oklahoma City Thunder,82,45,37,0.549,38.8,86.8,0.447,7.7,22.7,0.339,18.6,24.6,0.754,12.8,34.7,47.5,20.5,14.7,7.3,5.5,104.0,2.2,0.26152073732718895
2014-15,2014,1610612753,Orlando Magic,82,25,57,0.305,37.5,82.8,0.453,6.8,19.5,0.347,13.9,19.1,0.729,10.0,31.8,41.8,20.6,14.9,7.9,3.8,95.7,-5.7,0.2355072463768116
2014-15,2014,1610612755,Philadelphia 76ers,82,18,64,0.22,33.7,82.6,0.408,8.4,26.3,0.32,16.1,23.8,0.676,11.9,30.9,42.9,20.5,17.7,9.6,5.9,92.0,-9.0,0.3184019370460049
2014-15,2014,1610612756,Phoenix Suns,82,39,43,0.476,38.8,85.8,0.452,8.5,25.0,0.341,16.4,21.5,0.76,10.9,32.2,43.2,20.2,15.1,8.5,4.7,102.4,-0.9,0.2913752913752914
2014-15,2014,1610612757,Portland Trail Blazers,82,51,31,0.622,38.7,86.0,0.45,9.8,27.2,0.362,15.5,19.4,0.801,10.7,35.1,45.9,21.9,13.6,6.4,4.5,102.8,4.2,0.31627906976744186
2014-15,2014,1610612758,Sacramento Kings,82,29,53,0.354,36.7,80.7,0.455,5.6,16.5,0.341,22.3,29.3,0.762,10.9,33.3,44.2,20.3,16.3,6.7,4.0,101.3,-3.7,0.20446096654275092
2014-15,2014,1610612759,San Antonio Spurs,82,55,27,0.671,39.1,83.6,0.468,8.3,22.5,0.367,16.7,21.4,0.78,9.8,33.8,43.6,24.4,14.0,8.0,5.4,103.2,6.2,0.2691387559808613
2014-15,2014,1610612761,Toronto Raptors,82,49,33,0.598,37.9,83.3,0.455,8.9,25.1,0.352,19.3,24.6,0.787,10.7,30.8,41.5,20.7,12.9,7.5,4.4,104.0,3.1,0.3013205282112845
2014-15,2014,1610612762,Utah Jazz,82,38,44,0.463,35.4,79.2,0.447,7.4,21.7,0.343,17.0,23.5,0.721,12.0,31.9,44.0,19.9,15.3,7.6,6.0,95.1,0.2,0.27398989898989895
2014-15,2014,1610612764,Washington Wizards,82,46,36,0.561,38.3,82.8,0.462,6.1,16.8,0.36,15.9,21.4,0.742,10.5,34.2,44.7,24.0,15.0,7.3,4.6,98.5,0.7,0.2028985507246377
2015-16,2015,1610612737,Atlanta Hawks,82,48,34,0.585,38.6,84.4,0.458,9.9,28.4,0.35,15.6,20.0,0.783,8.3,33.8,42.1,25.6,15.0,9.1,5.9,102.8,3.6,0.33649289099526064
2015-16,2015,1610612738,Boston Celtics,82,48,34,0.585,39.2,89.2,0.439,8.7,26.1,0.335,18.5,23.5,0.788,11.6,33.3,44.9,24.2,13.7,9.2,4.2,105.7,3.2,0.29260089686098656
2015-16,2015,1610612751,Brooklyn Nets,82,21,61,0.256,38.2,84.4,0.453,6.5,18.4,0.352,15.7,20.7,0.757,10.5,31.9,42.4,22.3,14.8,7.6,4.0,98.6,-7.4,0.21800947867298576
2015-16,2015,1610612766,Charlotte Hornets,82,48,34,0.585,37.0,84.4,0.439,10.6,29.4,0.362,18.7,23.7,0.79,9.0,35.0,43.9,21.7,12.5,7.3,5.3,103.4,2.7,0.3483412322274881
2015-16,2015,1610612741,Chicago Bulls,82,42,40,0.512,38.6,87.4,0.441,7.9,21.4,0.371,16.5,21.0,0.787,11.1,35.2,46.3,22.8,13.9,6.0,5.7,101.6,-1.5,0.24485125858123566
2015-16,2015,1610612739,Cleveland Cavaliers,82,57,25,0.695,38.7,84.0,0.46,10.7,29.6,0.362,16.3,21.7,0.748,10.6,33.9,44.5,22.7,13.6,6.7,3.9,104.3,6.0,0.3523809523809524
2015-16,2015,1610612742,Dallas Mavericks,82,42,40,0.512,37.4,84.1,0.444,9.8,28.6,0.344,17.7,22.3,0.794,9.2,33.9,43.1,22.1,12.8,6.8,3.7,102.3,-0.3,0.3400713436385256
2015-16,2015,1610612743,Denver Nuggets,82,33,49,0.402,37.7,85.4,0.442,8.0,23.7,0.338,18.5,24.1,0.766,11.5,33.1,44.6,22.7,14.7,7.4,4.8,101.9,-3.1,0.2775175644028103
2015-16,2015,1610612765,Detroit Pistons,82,44,38,0.537,37.9,86.4,0.439,9.0,26.2,0.345,17.1,25.5,0.668,12.5,33.9,46.3,19.4,13.5,7.0,3.7,102.0,0.6,0.3032407407407407
2015-16,2015,1610612744,Golden State Warriors,82,73,9,0.89,42.5,87.3,0.487,13.1,31.6,0.416,16.7,21.8,0.763,10.0,36.2,46.2,28.9,15.2,8.4,6.1,114.9,10.8,0.3619702176403208
2015-16,2015,1610612745,Houston Rockets,82,41,41,0.5,37.7,83.5,0.452,10.7,30.9,0.347,20.4,29.4,0.694,11.3,31.7,43.1,22.2,15.9,10.0,5.2,106.5,0.2,0.37005988023952097
2015-16,2015,1610612754,Indiana Pacers,82,45,37,0.549,38.3,85.2,0.45,8.1,23.0,0.351,17.4,22.8,0.764,10.3,33.9,44.2,21.2,14.9,9.0,4.8,102.2,1.7,0.2699530516431925
2015-16,2015,1610612746,LA Clippers,82,53,29,0.646,38.3,82.4,0.465,9.7,26.7,0.364,18.2,26.2,0.692,8.8,33.3,42.0,22.8,13.0,8.6,5.6,104.5,4.3,0.3240291262135922
2015-16,2015,1610612747,Los Angeles Lakers,82,17,65,0.207,35.1,84.8,0.414,7.8,24.6,0.317,19.3,24.7,0.781,10.7,32.3,43.0,18.0,13.7,7.2,4.1,97.3,-9.6,0.29009433962264153
2015-16,2015,1610612763,Memphis Grizzlies,82,42,40,0.512,36.8,83.6,0.44,6.1,18.5,0.331,19.3,24.7,0.783,11.2,30.5,41.6,20.7,13.3,8.8,4.3,99.1,-2.2,0.22129186602870815
2015-16,2015,1610612748,Miami Heat,82,48,34,0.585,38.4,81.7,0.47,6.1,18.0,0.336,17.1,23.0,0.744,9.8,34.3,44.1,20.8,14.1,6.7,6.5,100.0,1.6,0.22031823745410037
2015-16,2015,1610612749,Milwaukee Bucks,82,33,49,0.402,38.4,82.2,0.467,5.4,15.6,0.345,17.0,22.7,0.747,10.5,31.2,41.7,23.1,15.2,8.2,5.8,99.0,-4.2,0.1897810218978102
2015-16,2015,1610612750,Minnesota Timberwolves,82,29,53,0.354,37.7,81.3,0.464,5.5,16.4,0.338,21.4,27.0,0.792,10.0,31.5,41.6,23.4,15.0,8.0,4.6,102.4,-3.5,0.2017220172201722
2015-16,2015,1610612740,New Orleans Pelicans,82,30,52,0.366,38.5,85.9,0.448,8.6,23.8,0.36,17.3,22.2,0.776,9.5,33.1,42.6,22.2,13.4,7.7,4.2,102.7,-3.8,0.2770663562281723
2015-16,2015,1610612752,New York Knicks,82,32,50,0.39,36.9,84.0,0.439,7.4,21.5,0.346,17.2,21.4,0.805,10.4,34.0,44.4,20.5,13.4,5.7,5.7,98.4,-2.7,0.25595238095238093
2015-16,2015,1610612760,Oklahoma City Thunder,82,55,27,0.671,41.1,86.4,0.476,8.3,23.7,0.349,19.7,25.2,0.782,13.1,35.6,48.6,23.0,15.9,7.4,5.9,110.2,7.3,0.2743055555555555
2015-16,2015,1610612753,Orlando Magic,82,35,47,0.427,39.5,86.8,0.455,7.8,22.2,0.35,15.2,20.1,0.757,10.3,33.0,43.3,23.6,14.1,8.2,5.1,102.1,-1.6,0.2557603686635945
2015-16,2015,1610612755,Philadelphia 76ers,82,10,72,0.122,36.2,84.0,0.431,9.3,27.5,0.339,15.7,22.6,0.694,9.5,31.8,41.2,21.5,16.4,8.3,6.0,97.4,-10.2,0.3273809523809524
2015-16,2015,1610612756,Phoenix Suns,82,23,59,0.28,37.2,85.6,0.435,9.0,25.8,0.348,17.5,23.2,0.751,11.5,33.3,44.8,20.7,17.2,7.7,3.8,100.9,-6.7,0.3014018691588785
2015-16,2015,1610612757,Portland Trail Blazers,82,44,38,0.537,38.6,85.9,0.45,10.5,28.5,0.37,17.4,23.0,0.754,11.6,33.9,45.5,21.3,14.6,6.9,4.6,105.1,0.8,0.3317811408614668
2015-16,2015,1610612758,Sacramento Kings,82,33,49,0.402,40.0,86.4,0.464,8.0,22.4,0.359,18.5,25.5,0.725,10.6,33.7,44.2,24.5,16.2,8.9,4.5,106.6,-2.5,0.25925925925925924
2015-16,2015,1610612759,San Antonio Spurs,82,67,15,0.817,40.1,82.9,0.484,7.0,18.5,0.375,16.4,20.4,0.803,9.4,34.5,43.9,24.5,13.1,8.3,5.9,103.5,10.6,0.22316043425814233
2015-16,2015,1610612761,Toronto Raptors,82,56,26,0.683,36.7,81.3,0.451,8.6,23.4,0.37,20.8,26.7,0.777,10.2,33.2,43.4,18.7,13.1,7.8,5.5,102.7,4.5,0.2878228782287823
2015-16,2015,1610612762,Utah Jazz,82,40,42,0.488,36.1,80.4,0.449,8.5,23.9,0.355,17.1,23.0,0.744,10.7,32.5,43.2,19.0,14.9,7.7,5.2,97.7,1.8,0.29726368159203975
2015-16,2015,1610612764,Washington Wizards,82,41,41,0.5,39.5,85.8,0.46,8.6,24.2,0.358,16.5,22.5,0.73,9.1,32.8,41.8,24.5,14.5,8.6,3.9,104.1,-0.5,0.28205128205128205
2016-17,2016,1610612737,Atlanta Hawks,82,43,39,0.524,38.1,84.4,0.451,8.9,26.1,0.341,18.1,24.9,0.728,10.3,34.1,44.3,23.6,15.8,8.2,4.8,103.2,-0.9,0.30924170616113744
2016-17,2016,1610612738,Boston Celtics,82,53,29,0.646,38.6,85.1,0.454,12.0,33.4,0.359,18.7,23.2,0.807,9.1,32.9,42.0,25.2,13.3,7.5,4.1,108.0,2.6,0.39247943595769685
2016-17,2016,1610612751,Brooklyn Nets,82,20,62,0.244,37.8,85.2,0.444,10.7,31.6,0.338,19.4,24.6,0.788,8.8,35.1,43.9,21.4,16.5,7.2,4.7,105.8,-6.7,0.37089201877934275
2016-17,2016,1610612766,Charlotte Hornets,82,36,46,0.439,37.7,85.4,0.442,10.0,28.6,0.351,19.4,23.8,0.815,8.8,34.8,43.6,23.1,11.5,7.0,4.8,104.9,0.2,0.33489461358313816
2016-17,2016,1610612741,Chicago Bulls,82,41,41,0.5,38.6,87.1,0.444,7.6,22.3,0.34,18.0,22.5,0.798,12.2,34.1,46.3,22.6,13.6,7.8,4.8,102.9,0.4,0.25602755453501724
2016-17,2016,1610612739,Cleveland Cavaliers,82,51,31,0.622,39.9,84.9,0.47,13.0,33.9,0.384,17.5,23.3,0.748,9.3,34.4,43.7,22.7,13.7,6.6,4.0,110.3,3.2,0.3992932862190812
2016-17,2016,1610612742,Dallas Mavericks,82,33,49,0.402,36.2,82.3,0.44,10.7,30.2,0.355,14.8,18.5,0.801,7.9,30.7,38.6,20.8,11.9,7.5,3.7,97.9,-2.9,0.3669501822600243
2016-17,2016,1610612743,Denver Nuggets,82,40,42,0.488,41.2,87.7,0.469,10.6,28.8,0.368,18.7,24.2,0.774,11.8,34.6,46.4,25.3,15.0,6.9,3.9,111.7,0.5,0.32839224629418473
2016-17,2016,1610612765,Detroit Pistons,82,37,45,0.451,39.9,88.8,0.449,7.7,23.4,0.33,13.9,19.3,0.719,11.1,34.6,45.7,21.1,11.9,7.0,3.8,101.3,-1.1,0.2635135135135135
2016-17,2016,1610612744,Golden State Warriors,82,67,15,0.817,43.1,87.1,0.495,12.0,31.2,0.383,17.8,22.6,0.788,9.4,35.0,44.4,30.4,14.8,9.6,6.8,115.9,11.6,0.35820895522388063
2016-17,2016,1610612745,Houston Rockets,82,55,27,0.671,40.3,87.2,0.462,14.4,40.3,0.357,20.3,26.5,0.766,10.9,33.5,44.4,25.2,15.1,8.2,4.3,115.3,5.8,0.46215596330275227
2016-17,2016,1610612754,Indiana Pacers,82,42,40,0.512,39.3,84.5,0.465,8.6,23.0,0.376,17.9,22.1,0.81,9.0,33.0,42.0,22.5,13.8,8.2,5.0,105.1,-0.2,0.27218934911242604
2016-17,2016,1610612746,LA Clippers,82,51,31,0.622,39.5,83.2,0.475,10.3,27.4,0.375,19.3,26.0,0.745,9.0,34.0,43.0,22.5,13.0,7.5,4.2,108.7,4.3,0.3293269230769231
2016-17,2016,1610612747,Los Angeles Lakers,82,26,56,0.317,39.3,87.4,0.45,8.9,25.7,0.346,17.0,22.6,0.754,11.4,32.1,43.5,20.9,15.2,8.2,3.9,104.6,-6.9,0.2940503432494279
2016-17,2016,1610612763,Memphis Grizzlies,82,43,39,0.524,36.4,83.6,0.435,9.4,26.5,0.354,18.3,23.4,0.784,10.8,32.0,42.8,21.3,12.9,8.0,4.2,100.5,0.5,0.31698564593301437
2016-17,2016,1610612748,Miami Heat,82,41,41,0.5,39.0,85.8,0.455,9.9,27.0,0.365,15.2,21.6,0.706,10.6,33.0,43.6,21.2,13.4,7.2,5.7,103.2,1.1,0.3146853146853147
2016-17,2016,1610612749,Milwaukee Bucks,82,42,40,0.512,38.8,81.9,0.474,8.8,23.7,0.37,17.2,22.4,0.768,8.8,31.6,40.4,24.2,14.0,8.1,5.3,103.6,-0.2,0.28937728937728935
2016-17,2016,1610612750,Minnesota Timberwolves,82,31,51,0.378,39.5,84.4,0.467,7.3,21.0,0.349,19.3,24.2,0.799,11.4,31.0,42.4,23.7,14.0,8.0,4.5,105.6,-1.1,0.24881516587677724
2016-17,2016,1610612740,New Orleans Pelicans,82,34,48,0.415,39.1,87.0,0.45,9.4,26.8,0.35,16.7,22.3,0.75,8.6,35.1,43.7,22.8,12.9,7.8,5.5,104.3,-2.1,0.3080459770114943
2016-17,2016,1610612752,New York Knicks,82,31,51,0.378,39.6,88.5,0.447,8.6,24.7,0.348,16.6,21.1,0.788,12.0,33.2,45.2,21.8,13.9,7.1,5.5,104.3,-3.7,0.2790960451977401
2016-17,2016,1610612760,Oklahoma City Thunder,82,47,35,0.573,39.5,87.4,0.452,8.4,25.8,0.327,19.2,25.8,0.745,12.2,34.4,46.6,21.0,15.0,7.9,5.0,106.6,0.8,0.2951945080091533
2016-17,2016,1610612753,Orlando Magic,82,29,53,0.354,38.3,87.0,0.44,8.5,26.1,0.328,16.0,21.4,0.747,9.8,33.3,43.2,22.2,13.3,7.1,4.8,101.1,-6.6,0.3
2016-17,2016,1610612755,Philadelphia 76ers,82,28,54,0.341,37.7,85.3,0.442,10.1,29.8,0.34,17.0,22.0,0.771,9.8,33.0,42.8,23.8,16.7,8.4,5.1,102.4,-5.7,0.3493552168815944
2016-17,2016,1610612756,Phoenix Suns,82,24,58,0.293,39.9,88.5,0.45,7.5,22.6,0.332,20.4,26.3,0.776,11.9,33.1,45.0,19.6,15.4,8.2,4.9,107.7,-5.6,0.25536723163841807
2016-17,2016,1610612757,Portland Trail Blazers,82,41,41,0.5,39.5,86.1,0.459,10.4,27.7,0.375,18.5,23.7,0.78,10.1,33.5,43.7,21.1,13.7,7.0,5.0,107.9,-0.5,0.32171893147502906
2016-17,2016,1610612758,Sacramento Kings,82,32,50,0.39,37.9,82.1,0.461,9.0,23.9,0.376,18.1,23.3,0.775,8.7,32.3,41.1,22.5,14.6,7.6,4.0,102.8,-3.9,0.2911084043848965
2016-17,2016,1610612759,San Antonio Spurs,82,61,21,0.744,39.3,83.7,0.469,9.2,23.5,0.391,17.6,22.0,0.797,10.0,33.9,43.9,23.8,13.4,8.0,5.9,105.3,7.2,0.28076463560334525
2016-17,2016,1610612761,Toronto Raptors,82,51,31,0.622,39.2,84.4,0.464,8.8,24.3,0.363,19.7,24.7,0.796,10.6,32.6,43.3,18.5,12.7,8.3,4.9,106.9,4.2,0.28791469194312796
2016-17,2016,1610612762,Utah Jazz,82,51,31,0.622,37.0,79.5,0.466,9.6,26.0,0.372,17.1,22.9,0.747,9.4,33.8,43.2,20.1,13.6,6.7,5.0,100.7,3.9,0.3270440251572327
2016-17,2016,1610612764,Washington Wizards,82,49,33,0.598,41.3,87.0,0.475,9.2,24.8,0.372,17.3,22.1,0.784,10.3,32.6,42.9,23.9,14.2,8.5,4.1,109.2,1.8,0.2850574712643678
2017-18,2017,1610612737,Atlanta Hawks,82,24,58,0.293,38.2,85.5,0.446,11.2,31.0,0.36,15.8,20.2,0.785,9.1,32.8,41.9,23.7,15.5,7.8,4.2,103.4,-5.5,0.36257309941520466
2017-18,2017,1610612738,Boston Celtics,82,55,27,0.671,38.3,85.1,0.45,11.5,30.4,0.377,16.0,20.7,0.771,9.4,35.1,44.5,22.5,14.0,7.4,4.5,104.0,3.6,0.3572267920094007
2017-18,2017,1610612751,Brooklyn Nets,82,28,54,0.341,38.2,86.8,0.441,12.7,35.7,0.356,17.4,22.6,0.772,9.7,34.8,44.4,23.7,15.2,6.2,4.8,106.6,-3.7,0.4112903225806452
2017-18,2017,1610612766,Charlotte Hornets,82,36,46,0.439,39.0,86.7,0.45,10.0,27.2,0.369,20.2,27.0,0.747,10.1,35.4,45.5,21.6,12.7,6.8,4.5,108.2,0.3,0.3137254901960784
2017-18,2017,1610612741,Chicago Bulls,82,27,55,0.329,38.7,88.8,0.435,11.0,31.1,0.355,14.6,19.2,0.759,9.6,35.0,44.7,23.5,14.0,7.6,3.5,102.9,-7.0,0.35022522522522526
2017-18,2017,1610612739,Cleveland Cavaliers,82,50,32,0.61,40.4,84.8,0.476,12.0,32.1,0.372,18.1,23.3,0.779,8.5,33.7,42.1,23.4,13.7,7.1,3.8,110.9,0.9,0.37853773584905664
2017-18,2017,1610612742,Dallas Mavericks,82,24,58,0.293,38.1,85.9,0.444,11.8,32.8,0.36,14.2,18.7,0.763,8.1,33.1,41.3,22.7,12.3,7.0,3.8,102.3,-3.0,0.38183934807916176
2017-18,2017,1610612743,Denver Nuggets,82,46,36,0.561,40.7,86.6,0.47,11.5,30.9,0.371,17.1,22.3,0.767,11.0,33.5,44.5,25.1,15.0,7.6,4.9,110.0,1.5,0.3568129330254042
2017-18,2017,1610612765,Detroit Pistons,82,39,43,0.476,39.1,86.9,0.45,10.8,28.9,0.373,14.7,19.8,0.745,10.1,33.6,43.7,22.8,13.4,7.7,3.9,103.8,-0.1,0.33256616800920596
2017-18,2017,1610612744,Golden State Warriors,82,58,24,0.707,42.8,85.1,0.503,11.3,28.9,0.391,16.6,20.3,0.815,8.4,35.1,43.5,29.3,15.4,8.0,7.5,113.5,6.0,0.3396004700352527
2017-18,2017,1610612745,Houston Rockets,82,65,17,0.793,38.7,84.2,0.46,15.3,42.3,0.362,19.6,25.1,0.781,9.0,34.5,43.5,21.5,13.8,8.5,4.8,112.4,8.5,0.5023752969121139
2017-18,2017,1610612754,Indiana Pacers,82,48,34,0.585,40.8,86.4,0.472,9.0,24.5,0.369,14.9,19.2,0.779,9.6,32.7,42.3,22.2,13.3,8.8,4.1,105.6,1.4,0.28356481481481477
2017-18,2017,1610612746,LA Clippers,82,42,40,0.512,40.3,85.4,0.471,9.5,26.8,0.354,19.0,25.5,0.743,10.1,33.7,43.9,22.3,14.7,7.7,4.5,109.0,0.0,0.3138173302107728
2017-18,2017,1610612747,Los Angeles Lakers,82,35,47,0.427,40.7,88.4,0.461,10.0,29.1,0.345,16.6,23.3,0.714,10.7,35.7,46.4,23.8,15.8,7.7,4.7,108.1,-1.5,0.32918552036199095
2017-18,2017,1610612763,Memphis Grizzlies,82,22,60,0.268,36.7,82.8,0.444,9.2,26.2,0.352,16.6,21.1,0.786,9.5,31.0,40.5,21.5,15.0,7.5,4.8,99.3,-6.2,0.3164251207729469
2017-18,2017,1610612748,Miami Heat,82,44,38,0.537,38.8,85.3,0.455,11.0,30.6,0.36,14.7,19.5,0.755,9.3,34.2,43.5,22.7,14.4,7.6,5.3,103.4,0.5,0.3587338804220399
2017-18,2017,1610612749,Milwaukee Bucks,82,44,38,0.537,39.7,83.0,0.478,8.8,24.7,0.355,18.3,23.4,0.783,8.4,31.5,39.8,23.2,13.8,8.8,5.4,106.5,-0.3,0.2975903614457831
2017-18,2017,1610612750,Minnesota Timberwolves,82,47,35,0.573,41.0,86.1,0.476,8.0,22.5,0.357,19.4,24.1,0.804,10.3,31.6,42.0,22.7,12.5,8.4,4.2,109.5,2.2,0.2613240418118467
2017-18,2017,1610612740,New Orleans Pelicans,82,48,34,0.585,42.7,88.3,0.483,10.2,28.2,0.362,16.1,20.9,0.772,8.7,35.6,44.3,26.8,14.9,8.0,5.9,111.7,1.3,0.319365798414496
2017-18,2017,1610612752,New York Knicks,82,29,53,0.354,40.7,87.7,0.464,8.2,23.3,0.352,14.9,19.0,0.787,10.5,33.6,44.0,23.3,14.7,6.7,5.1,104.5,-3.6,0.26567844925883694
2017-18,2017,1610612760,Oklahoma City Thunder,82,48,34,0.585,39.9,88.1,0.453,10.7,30.4,0.354,17.3,24.2,0.716,12.5,32.6,45.1,21.3,14.0,9.1,5.0,107.9,3.4,0.34506242905788875
2017-18,2017,1610612753,Orlando Magic,82,25,57,0.305,38.8,85.9,0.452,10.3,29.3,0.351,15.5,20.5,0.757,8.8,32.8,41.6,23.4,14.5,7.6,4.9,103.4,-4.8,0.34109429569266586
2017-18,2017,1610612755,Philadelphia 76ers,82,52,30,0.634,40.8,86.6,0.472,11.0,29.8,0.369,17.1,22.8,0.752,10.9,36.5,47.4,27.1,16.5,8.3,5.1,109.8,4.5,0.34411085450346424
2017-18,2017,1610612756,Phoenix Suns,82,21,61,0.256,38.5,87.1,0.442,9.3,27.9,0.334,17.7,23.9,0.741,10.3,33.9,44.1,21.3,15.7,6.9,4.5,103.9,-9.4,0.3203214695752009
2017-18,2017,1610612757,Portland Trail Blazers,82,49,33,0.598,39.3,87.0,0.452,10.3,28.1,0.366,16.7,20.9,0.8,10.2,35.3,45.5,19.5,13.5,7.0,5.2,105.6,2.6,0.32298850574712645
2017-18,2017,1610612758,Sacramento Kings,82,27,55,0.329,38.8,86.1,0.45,9.0,24.0,0.375,12.3,16.7,0.735,9.5,31.4,40.9,21.6,13.7,7.8,4.1,98.8,-7.0,0.2787456445993032
2017-18,2017,1610612759,San Antonio Spurs,82,47,35,0.573,39.0,85.4,0.457,8.5,24.1,0.352,16.1,20.9,0.772,10.4,33.9,44.2,22.8,13.1,7.7,5.6,102.7,2.9,0.2822014051522248
2017-18,2017,1610612761,Toronto Raptors,82,59,23,0.72,41.3,87.4,0.472,11.8,33.0,0.358,17.3,21.8,0.794,9.8,34.2,44.0,24.3,13.4,7.6,6.1,111.7,7.8,0.3775743707093821
2017-18,2017,1610612762,Utah Jazz,82,48,34,0.585,38.3,82.9,0.462,10.8,29.6,0.366,16.8,21.5,0.779,9.0,34.2,43.3,22.4,14.7,8.6,5.1,104.1,4.3,0.35705669481302776
2017-18,2017,1610612764,Washington Wizards,82,43,39,0.524,39.9,85.6,0.467,9.9,26.5,0.375,16.8,21.8,0.772,10.0,33.1,43.1,25.2,14.6,7.9,4.3,106.6,0.6,0.3095794392523365
2018-19,2018,1610612737,Atlanta Hawks,82,29,53,0.354,41.4,91.8,0.451,13.0,37.0,0.352,17.6,23.4,0.752,11.6,34.5,46.1,25.8,17.0,8.2,5.1,113.3,-6.0,0.4030501089324619
2018-19,2018,1610612738,Boston Celtics,82,49,33,0.598,42.1,90.5,0.465,12.6,34.5,0.365,15.6,19.5,0.802,9.8,34.7,44.5,26.3,12.8,8.6,5.3,112.4,4.4,0.3812154696132597
2018-19,2018,1610612751,Brooklyn Nets,82,42,40,0.512,40.3,89.7,0.449,12.8,36.2,0.353,19.0,25.5,0.745,11.0,35.6,46.6,23.8,15.1,6.6,4.1,112.2,-0.1,0.40356744704570796
2018-19,2018,1610612766,Charlotte Hornets,82,39,43,0.476,40.2,89.8,0.448,11.9,33.9,0.351,18.4,23.1,0.797,9.9,33.9,43.8,23.2,12.2,7.2,4.9,110.7,-1.1,0.3775055679287305
2018-19,2018,1610612741,Chicago Bulls,82,22,60,0.268,39.8,87.9,0.453,9.1,25.9,0.351,16.2,20.7,0.783,8.8,34.1,42.9,21.9,14.1,7.4,4.3,104.9,-8.4,0.29465301478953354
2018-19,2018,1610612739,Cleveland Cavaliers,82,19,63,0.232,38.9,87.6,0.444,10.3,29.1,0.355,16.4,20.7,0.792,10.7,31.9,42.7,20.7,13.5,6.5,2.4,104.5,-9.6,0.33219178082191786
2018-19,2018,1610612742,Dallas Mavericks,82,33,49,0.402,38.8,86.9,0.447,12.5,36.6,0.34,18.8,25.3,0.742,10.1,35.2,45.3,23.4,14.2,6.5,4.3,108.9,-1.3,0.42117376294591485
2018-19,2018,1610612743,Denver Nuggets,82,54,28,0.659,41.9,90.0,0.466,11.0,31.4,0.351,15.8,20.9,0.755,11.9,34.5,46.4,27.4,13.4,7.7,4.4,110.7,4.0,0.34888888888888886
2018-19,2018,1610612765,Detroit Pistons,82,41,41,0.5,38.8,88.3,0.44,12.1,34.8,0.348,17.3,23.1,0.747,11.4,33.6,45.0,22.5,13.8,6.9,4.0,107.0,-0.2,0.3941109852774632
2018-19,2018,1610612744,Golden State Warriors,82,57,25,0.695,44.0,89.8,0.491,13.3,34.4,0.385,16.3,20.4,0.801,9.7,36.5,46.2,29.4,14.3,7.6,6.4,117.7,6.5,0.3830734966592428
2018-19,2018,1610612745,Houston Rockets,82,53,29,0.646,39.2,87.4,0.449,16.1,45.4,0.356,19.3,24.4,0.791,10.2,31.9,42.1,21.2,13.3,8.5,4.9,113.9,4.8,0.5194508009153318
2018-19,2018,1610612754,Indiana Pacers,82,48,34,0.585,41.3,87.0,0.475,9.5,25.4,0.374,15.8,21.1,0.752,9.3,33.7,43.0,26.0,13.7,8.7,4.9,108.0,3.3,0.29195402298850576
2018-19,2018,1610612746,LA Clippers,82,48,34,0.585,41.3,87.5,0.471,10.0,25.8,0.388,22.6,28.5,0.792,9.7,35.8,45.5,24.0,14.5,6.8,4.7,115.1,0.9,0.2948571428571429
2018-19,2018,1610612747,Los Angeles Lakers,82,37,45,0.451,42.6,90.5,0.47,10.3,31.0,0.333,16.3,23.3,0.699,10.2,36.4,46.6,25.6,15.7,7.5,5.4,111.8,-1.7,0.3425414364640884
2018-19,2018,1610612763,Memphis Grizzlies,82,33,49,0.402,38.0,84.4,0.45,9.9,28.9,0.342,17.7,23.0,0.772,8.8,33.0,41.8,23.9,14.0,8.3,5.5,103.5,-2.6,0.34241706161137436
2018-19,2018,1610612748,Miami Heat,82,39,43,0.476,39.6,88.0,0.45,11.3,32.4,0.349,15.1,21.7,0.695,11.2,35.1,46.3,24.3,14.7,7.6,5.5,105.7,-0.2,0.36818181818181817
2018-19,2018,1610612749,Milwaukee Bucks,82,60,22,0.732,43.4,91.1,0.476,13.5,38.2,0.353,17.9,23.2,0.773,9.3,40.4,49.7,26.0,13.9,7.5,5.9,118.1,8.9,0.4193194291986828
2018-19,2018,1610612750,Minnesota Timberwolves,82,36,46,0.439,41.6,91.3,0.456,10.1,28.7,0.351,19.1,24.3,0.787,11.3,33.5,44.8,24.6,13.1,8.3,5.0,112.5,-1.5,0.3143483023001095
2018-19,2018,1610612740,New Orleans Pelicans,82,33,49,0.402,43.7,92.2,0.473,10.3,29.9,0.344,17.8,23.4,0.761,11.1,36.2,47.3,27.0,14.8,7.4,5.4,115.4,-1.3,0.32429501084598694
2018-19,2018,1610612752,New York Knicks,82,17,65,0.207,38.2,88.3,0.433,10.0,29.5,0.34,18.1,23.9,0.759,10.5,34.3,44.7,20.1,14.0,6.8,5.1,104.6,-9.2,0.3340883352208381
2018-19,2018,1610612760,Oklahoma City Thunder,82,49,33,0.598,42.6,94.0,0.454,11.4,32.6,0.348,17.8,25.0,0.713,12.6,35.5,48.1,23.4,14.0,9.3,5.2,114.5,3.4,0.3468085106382979
2018-19,2018,1610612753,Orlando Magic,82,42,40,0.512,40.4,89.1,0.454,11.4,32.1,0.356,15.0,19.2,0.782,10.0,35.4,45.4,25.5,13.2,6.6,5.4,107.3,0.7,0.3602693602693603
2018-19,2018,1610612755,Philadelphia 76ers,82,51,31,0.622,41.5,88.2,0.471,10.8,30.2,0.359,21.2,27.5,0.771,10.9,36.9,47.8,26.9,14.9,7.4,5.3,115.2,2.7,0.3424036281179138
2018-19,2018,1610612756,Phoenix Suns,82,19,63,0.232,40.1,87.4,0.459,9.6,29.3,0.329,17.6,22.7,0.779,9.1,31.3,40.4,23.9,15.6,9.0,5.1,107.5,-9.3,0.3352402745995423
2018-19,2018,1610612757,Portland Trail Blazers,82,53,29,0.646,42.3,90.6,0.467,11.0,30.7,0.359,19.0,23.3,0.814,11.8,36.2,48.0,23.0,13.8,6.7,5.0,114.7,4.2,0.33885209713024284
2018-19,2018,1610612758,Sacramento Kings,82,39,43,0.476,43.2,93.1,0.464,11.3,29.9,0.378,16.5,22.7,0.726,11.0,34.4,45.4,25.4,13.4,8.3,4.4,114.2,-1.1,0.32116004296455425
2018-19,2018,1610612759,San Antonio Spurs,82,48,34,0.585,42.3,88.4,0.478,9.9,25.3,0.392,17.2,21.0,0.819,9.2,35.5,44.7,24.5,12.1,6.1,4.7,111.7,1.7,0.2861990950226244
2018-19,2018,1610612761,Toronto Raptors,82,58,24,0.707,42.2,89.1,0.474,12.4,33.8,0.366,17.7,22.0,0.804,9.6,35.6,45.2,25.4,14.0,8.3,5.3,114.4,6.1,0.3793490460157127
2018-19,2018,1610612762,Utah Jazz,82,50,32,0.61,40.4,86.4,0.468,12.1,34.0,0.356,18.8,25.5,0.736,10.0,36.4,46.4,26.0,15.1,8.1,5.9,111.7,5.3,0.3935185185185185
2018-19,2018,1610612764,Washington Wizards,82,32,50,0.39,42.1,90.1,0.468,11.3,33.3,0.341,18.4,23.9,0.768,9.7,32.7,42.4,26.3,14.1,8.3,4.6,114.0,-2.9,0.36958934517203107
2019-20,2019,1610612737,Atlanta Hawks,67,20,47,0.299,40.6,90.6,0.449,12.0,36.1,0.333,18.5,23.4,0.79,9.9,33.4,43.3,24.0,16.2,7.8,5.1,111.8,-8.0,0.3984547461368654
2019-20,2019,1610612738,Boston Celtics,72,48,24,0.667,41.3,89.6,0.461,12.6,34.5,0.364,18.6,23.2,0.801,10.7,35.4,46.1,23.0,13.8,8.3,5.6,113.7,6.3,0.3850446428571429
2019-20,2019,1610612751,Brooklyn Nets,72,35,37,0.486,40.4,90.3,0.448,13.1,38.1,0.343,17.9,24.1,0.745,10.6,37.3,47.9,24.5,15.3,6.4,4.5,111.8,-0.6,0.42192691029900337
2019-20,2019,1610612766,Charlotte Hornets,65,23,42,0.354,37.3,85.9,0.434,12.1,34.3,0.352,16.2,21.6,0.748,11.0,31.8,42.8,23.8,14.6,6.6,4.1,102.9,-6.8,0.39930151338766
2019-20,2019,1610612741,Chicago Bulls,65,22,43,0.338,39.6,88.6,0.447,12.2,35.1,0.348,15.5,20.5,0.755,10.5,31.4,41.9,23.2,15.5,10.0,4.1,106.8,-3.1,0.39616252821670433
2019-20,2019,1610612739,Cleveland Cavaliers,65,19,46,0.292,40.3,87.9,0.458,11.2,31.8,0.351,15.1,19.9,0.758,10.8,33.4,44.2,23.1,16.5,6.9,3.2,106.9,-7.9,0.36177474402730375
2019-20,2019,1610612742,Dallas Mavericks,75,43,32,0.573,41.7,90.3,0.461,15.1,41.3,0.367,18.6,23.8,0.779,10.5,36.4,46.9,24.7,12.7,6.1,4.8,117.0,4.9,0.4573643410852713
2019-20,2019,1610612743,Denver Nuggets,73,46,27,0.63,42.0,88.9,0.473,11.0,30.6,0.359,16.2,20.9,0.777,10.8,33.4,44.1,26.7,13.8,8.0,4.6,111.3,2.1,0.344206974128234
2019-20,2019,1610612765,Detroit Pistons,66,20,46,0.303,39.3,85.7,0.459,12.0,32.7,0.367,16.6,22.4,0.743,9.8,32.0,41.7,24.1,15.3,7.4,4.5,107.2,-3.6,0.3815635939323221
2019-20,2019,1610612744,Golden State Warriors,65,15,50,0.231,38.6,88.2,0.438,10.4,31.3,0.334,18.7,23.2,0.803,10.0,32.9,42.8,25.6,14.9,8.2,4.6,106.3,-8.7,0.35487528344671204
2019-20,2019,1610612745,Houston Rockets,72,44,28,0.611,40.8,90.4,0.451,15.6,45.3,0.345,20.6,26.1,0.791,9.8,34.5,44.3,21.6,14.7,8.7,5.2,117.8,3.0,0.5011061946902654
2019-20,2019,1610612754,Indiana Pacers,73,45,28,0.616,42.1,88.5,0.476,10.2,28.0,0.363,15.0,19.1,0.787,8.7,34.1,42.8,25.9,13.2,7.4,5.2,109.4,2.0,0.3163841807909605
2019-20,2019,1610612746,LA Clippers,72,49,23,0.681,41.6,89.2,0.466,12.4,33.5,0.371,20.8,26.3,0.791,10.7,37.0,47.7,23.7,14.6,7.1,4.7,116.3,6.4,0.3755605381165919
2019-20,2019,1610612747,Los Angeles Lakers,71,52,19,0.732,42.3,88.3,0.48,11.0,31.6,0.349,17.7,24.3,0.729,10.7,35.1,45.7,25.4,15.2,8.6,6.6,113.4,5.8,0.3578708946772367
2019-20,2019,1610612763,Memphis Grizzlies,73,34,39,0.466,42.5,90.9,0.468,10.9,31.5,0.347,16.6,21.8,0.763,10.3,36.2,46.5,26.9,15.2,7.9,5.5,112.6,-1.1,0.3465346534653465
2019-20,2019,1610612748,Miami Heat,73,44,29,0.603,39.5,84.4,0.468,13.4,35.4,0.379,19.7,25.2,0.783,8.5,35.9,44.4,25.9,14.9,7.5,4.5,112.0,2.9,0.419431279620853
2019-20,2019,1610612749,Milwaukee Bucks,73,56,17,0.767,43.3,90.9,0.476,13.8,38.9,0.355,18.3,24.7,0.742,9.5,42.2,51.7,25.9,15.1,7.2,5.9,118.7,10.1,0.4279427942794279
2019-20,2019,1610612750,Minnesota Timberwolves,64,19,45,0.297,40.4,91.6,0.441,13.3,39.7,0.336,19.1,25.4,0.753,10.5,34.3,44.8,23.8,15.3,8.7,5.7,113.3,-4.3,0.43340611353711794
2019-20,2019,1610612740,New Orleans Pelicans,72,30,42,0.417,42.6,91.6,0.465,13.6,36.9,0.37,17.1,23.4,0.729,11.1,35.4,46.5,26.8,16.4,7.5,5.0,115.8,-1.3,0.4028384279475983
2019-20,2019,1610612752,New York Knicks,66,21,45,0.318,40.0,89.3,0.447,9.6,28.4,0.337,16.3,23.5,0.694,12.0,34.5,46.5,22.1,14.3,7.6,4.7,105.8,-6.5,0.3180291153415453
2019-20,2019,1610612760,Oklahoma City Thunder,72,44,28,0.611,40.0,85.5,0.468,10.7,30.2,0.355,19.8,24.8,0.796,8.2,34.7,42.9,21.7,13.7,7.6,4.9,110.4,2.0,0.3532163742690058
2019-20,2019,1610612753,Orlando Magic,73,33,40,0.452,39.3,88.6,0.444,11.1,32.2,0.343,17.6,22.7,0.774,10.3,34.2,44.5,23.9,12.8,8.2,5.4,107.3,-1.0,0.363431151241535
2019-20,2019,1610612755,Philadelphia 76ers,73,43,30,0.589,41.1,87.9,0.468,11.6,31.6,0.368,16.9,22.4,0.755,10.5,35.0,45.4,25.8,14.2,8.0,5.3,110.7,2.4,0.3594994311717861
2019-20,2019,1610612756,Phoenix Suns,73,34,39,0.466,41.2,88.1,0.468,11.4,31.8,0.358,19.9,23.8,0.834,9.8,33.8,43.5,27.2,14.8,7.7,4.0,113.6,0.2,0.3609534619750284
2019-20,2019,1610612757,Portland Trail Blazers,74,35,39,0.473,42.2,91.2,0.463,12.9,34.1,0.377,17.7,22.1,0.804,10.2,35.1,45.3,20.6,12.8,6.3,6.1,115.0,-1.1,0.37390350877192985
2019-20,2019,1610612758,Sacramento Kings,72,31,41,0.431,40.9,88.4,0.462,12.7,34.9,0.364,15.7,20.3,0.77,9.7,32.9,42.6,23.8,14.5,7.7,4.1,110.1,-2.0,0.3947963800904977
2019-20,2019,1610612759,San Antonio Spurs,71,32,39,0.451,42.2,89.4,0.472,10.7,28.5,0.376,19.0,23.4,0.81,9.0,35.6,44.6,24.7,12.6,7.3,5.5,114.1,-1.1,0.3187919463087248
2019-20,2019,1610612761,Toronto Raptors,72,53,19,0.736,40.2,87.9,0.458,13.8,37.0,0.374,18.5,23.2,0.796,9.5,35.9,45.4,25.2,14.8,8.8,5.0,112.8,6.2,0.4209328782707622
2019-20,2019,1610612762,Utah Jazz,72,44,28,0.611,40.1,85.1,0.471,13.4,35.2,0.38,17.8,22.8,0.779,9.1,35.8,44.9,22.4,15.1,6.1,4.1,111.3,2.5,0.41363102232667454
2019-20,2019,1610612764,Washington Wizards,72,25,47,0.347,41.5,90.9,0.457,12.0,32.6,0.368,19.4,24.6,0.788,10.2,31.9,42.0,25.0,14.2,8.0,4.3,114.4,-4.7,0.3586358635863586
2020-21,2020,1610612737,Atlanta Hawks,72,41,31,0.569,40.8,87.2,0.468,12.4,33.4,0.373,19.7,24.2,0.812,10.6,35.1,45.6,24.1,13.2,7.0,4.8,113.7,2.3,0.3830275229357798
2020-21,2020,1610612738,Boston Celtics,72,36,36,0.5,41.5,88.9,0.466,13.6,36.4,0.374,16.1,20.8,0.775,10.6,33.6,44.3,23.5,14.1,7.7,5.3,112.6,1.5,0.40944881889763773
2020-21,2020,1610612751,Brooklyn Nets,72,48,24,0.667,43.1,87.3,0.494,14.2,36.1,0.392,18.1,22.5,0.804,8.9,35.5,44.4,26.8,13.5,6.7,5.3,118.6,4.5,0.4135166093928981
2020-21,2020,1610612766,Charlotte Hornets,72,33,39,0.458,39.9,87.8,0.455,13.7,37.0,0.369,15.9,20.9,0.761,10.6,33.2,43.8,26.8,14.8,7.8,4.8,109.5,-1.9,0.4214123006833713
2020-21,2020,1610612741,Chicago Bulls,72,31,41,0.431,42.2,88.6,0.476,12.6,34.0,0.37,13.8,17.5,0.791,9.6,35.3,45.0,26.8,15.1,6.7,4.2,110.7,-0.9,0.3837471783295711
2020-21,2020,1610612739,Cleveland Cavaliers,72,22,50,0.306,38.6,85.8,0.45,10.0,29.7,0.336,16.7,22.4,0.743,10.4,32.3,42.8,23.8,15.5,7.8,4.5,103.8,-8.4,0.34615384615384615
2020-21,2020,1610612742,Dallas Mavericks,72,42,30,0.583,41.1,87.3,0.47,13.8,38.1,0.362,16.5,21.2,0.778,9.1,34.2,43.3,22.9,12.1,6.3,4.3,112.4,2.3,0.436426116838488
2020-21,2020,1610612743,Denver Nuggets,72,47,25,0.653,43.3,89.2,0.485,12.9,34.2,0.377,15.7,19.5,0.803,10.5,33.9,44.4,26.8,13.5,8.1,4.5,115.1,4.9,0.3834080717488789
2020-21,2020,1610612765,Detroit Pistons,72,20,52,0.278,38.7,85.6,0.452,11.6,32.9,0.351,17.8,23.4,0.759,9.6,33.1,42.7,24.2,14.9,7.4,5.2,106.6,-4.5,0.38434579439252337
2020-21,2020,1610612744,Golden State Warriors,72,39,33,0.542,41.3,88.2,0.468,14.6,38.7,0.376,16.6,21.1,0.785,8.0,35.1,43.0,27.7,15.0,8.2,4.8,113.7,1.1,0.4387755102040817
2020-21,2020,1610612745,Houston Rockets,72,17,55,0.236,39.3,88.5,0.444,13.8,40.6,0.339,16.5,22.3,0.74,9.3,33.3,42.6,23.6,14.7,7.6,5.0,108.8,-7.9,0.45875706214689266
2020-21,2020,1610612754,Indiana Pacers,72,34,38,0.472,43.3,91.2,0.474,12.3,34.0,0.364,16.4,20.7,0.792,9.0,33.7,42.7,27.4,13.5,8.5,6.4,115.3,0.0,0.37280701754385964
2020-21,2020,1610612746,LA Clippers,72,47,25,0.653,41.8,86.7,0.482,14.3,34.7,0.411,16.2,19.3,0.839,9.4,34.7,44.2,24.4,13.2,7.1,4.1,114.0,6.2,0.40023068050749716
2020-21,2020,1610612747,Los Angeles Lakers,72,42,30,0.583,40.6,86.1,0.472,11.1,31.2,0.354,17.2,23.3,0.739,9.7,34.6,44.2,24.7,15.2,7.8,5.4,109.5,2.8,0.3623693379790941
2020-21,2020,1610612763,Memphis Grizzlies,72,38,34,0.528,42.8,91.8,0.467,11.2,31.4,0.356,16.4,21.3,0.771,11.2,35.3,46.5,26.9,13.3,9.1,5.1,113.3,1.0,0.3420479302832244
2020-21,2020,1610612748,Miami Heat,72,40,32,0.556,39.2,83.7,0.468,12.9,36.2,0.358,16.7,21.1,0.79,8.0,33.5,41.5,26.3,14.1,7.9,4.0,108.1,0.0,0.4324970131421744
2020-21,2020,1610612749,Milwaukee Bucks,72,46,26,0.639,44.7,91.8,0.487,14.4,37.1,0.389,16.2,21.4,0.76,10.3,37.8,48.1,25.5,13.8,8.1,4.6,120.1,5.9,0.4041394335511983
2020-21,2020,1610612750,Minnesota Timberwolves,72,23,49,0.319,40.7,90.9,0.448,13.1,37.6,0.349,17.6,23.1,0.761,10.5,33.0,43.5,25.6,14.3,8.8,5.5,112.1,-5.6,0.4136413641364136
2020-21,2020,1610612740,New Orleans Pelicans,72,31,41,0.431,42.5,89.1,0.477,10.6,30.4,0.348,19.0,26.1,0.729,11.7,35.7,47.4,26.0,14.6,7.6,4.4,114.6,-0.3,0.34118967452300786
2020-21,2020,1610612752,New York Knicks,72,41,31,0.569,39.4,86.5,0.456,11.8,30.0,0.392,16.4,20.9,0.784,9.7,35.5,45.1,21.4,12.9,7.0,5.1,107.0,2.3,0.3468208092485549
2020-21,2020,1610612760,Oklahoma City Thunder,72,22,50,0.306,38.8,88.0,0.441,11.9,35.1,0.339,15.5,21.3,0.725,9.9,35.7,45.6,22.1,16.1,7.0,4.4,105.0,-10.6,0.39886363636363636
2020-21,2020,1610612753,Orlando Magic,72,21,51,0.292,38.3,89.2,0.429,10.9,31.8,0.343,16.6,21.4,0.775,10.4,35.1,45.4,21.8,12.8,6.9,4.4,104.0,-9.3,0.35650224215246634
2020-21,2020,1610612755,Philadelphia 76ers,72,49,23,0.681,41.4,86.9,0.476,11.3,30.1,0.374,19.6,25.5,0.767,10.0,35.0,45.1,23.7,14.4,9.1,6.2,113.6,5.6,0.34637514384349827
2020-21,2020,1610612756,Phoenix Suns,72,51,21,0.708,43.3,88.3,0.49,13.1,34.6,0.378,15.6,18.7,0.834,8.8,34.2,42.9,26.9,12.5,7.2,4.3,115.3,5.8,0.39184597961494905
2020-21,2020,1610612757,Portland Trail Blazers,72,42,30,0.583,41.3,91.1,0.453,15.7,40.8,0.385,17.8,21.6,0.823,10.6,33.9,44.5,21.3,11.1,6.9,5.0,116.1,1.8,0.4478594950603732
2020-21,2020,1610612758,Sacramento Kings,72,31,41,0.431,42.6,88.6,0.481,12.1,33.3,0.364,16.4,22.0,0.745,9.4,32.0,41.4,25.5,13.4,7.5,5.0,113.7,-3.7,0.3758465011286682
2020-21,2020,1610612759,San Antonio Spurs,72,33,39,0.458,41.9,90.5,0.462,9.9,28.4,0.35,17.4,22.0,0.792,9.3,34.6,43.9,24.4,11.4,7.0,5.1,111.1,-1.7,0.3138121546961326
2020-21,2020,1610612761,Toronto Raptors,72,27,45,0.375,39.7,88.7,0.448,14.5,39.3,0.368,17.4,21.3,0.815,9.4,32.1,41.6,24.1,13.2,8.6,5.4,111.3,-0.5,0.4430665163472378
2020-21,2020,1610612762,Utah Jazz,72,52,20,0.722,41.3,88.1,0.468,16.7,43.0,0.389,17.2,21.5,0.799,10.6,37.6,48.3,23.7,14.2,6.6,5.2,116.4,9.3,0.48808172531214533
2020-21,2020,1610612764,Washington Wizards,72,34,38,0.472,43.2,90.9,0.475,10.2,29.0,0.351,20.1,26.2,0.769,9.7,35.5,45.2,25.5,14.4,7.3,4.1,116.6,-1.8,0.319031903190319
2021-22,2021,1610612737,Atlanta Hawks,82,43,39,0.524,41.5,88.3,0.47,12.9,34.4,0.374,18.1,22.3,0.812,10.0,33.9,44.0,24.6,11.9,7.2,4.2,113.9,1.6,0.38958097395243485
2021-22,2021,1610612738,Boston Celtics,82,51,31,0.622,40.7,87.4,0.466,13.2,37.1,0.356,17.0,20.9,0.816,10.5,35.5,46.1,24.8,13.6,7.2,5.8,111.8,7.3,0.42448512585812354
2021-22,2021,1610612751,Brooklyn Nets,82,44,38,0.537,42.0,88.4,0.475,11.5,31.7,0.361,17.5,21.7,0.805,10.3,34.1,44.4,25.3,14.1,7.1,5.5,112.9,0.8,0.35859728506787325
2021-22,2021,1610612766,Charlotte Hornets,82,43,39,0.524,42.8,91.4,0.468,13.9,38.2,0.365,15.8,21.4,0.74,10.8,33.7,44.6,28.1,13.3,8.6,4.9,115.3,0.4,0.4179431072210066
2021-22,2021,1610612741,Chicago Bulls,82,46,36,0.561,41.7,86.9,0.48,10.6,28.8,0.369,17.5,21.5,0.813,8.7,33.7,42.3,23.9,12.8,7.1,4.1,111.6,-0.4,0.33141542002301494
2021-22,2021,1610612739,Cleveland Cavaliers,82,44,38,0.537,39.7,84.6,0.469,11.6,32.8,0.355,16.8,22.1,0.76,10.2,34.0,44.2,25.2,14.4,7.1,4.2,107.8,2.1,0.3877068557919622
2021-22,2021,1610612742,Dallas Mavericks,82,52,30,0.634,39.3,85.1,0.461,13.1,37.4,0.35,16.4,21.2,0.771,9.3,33.8,43.0,23.4,12.5,6.7,4.0,108.0,3.3,0.4394829612220917
2021-22,2021,1610612743,Denver Nuggets,82,48,34,0.585,41.7,86.3,0.483,12.7,35.9,0.353,16.7,21.0,0.795,9.2,34.9,44.1,27.8,14.5,7.2,3.7,112.7,2.3,0.4159907300115875
2021-22,2021,1610612765,Detroit Pistons,82,23,59,0.28,38.2,88.6,0.431,11.3,34.6,0.326,17.2,22.0,0.782,11.0,32.0,43.0,23.5,14.2,7.7,4.8,104.8,-7.7,0.3905191873589165
2021-22,2021,1610612744,Golden State Warriors,82,53,29,0.646,40.5,86.4,0.469,14.3,39.4,0.364,15.6,20.3,0.769,9.8,35.7,45.5,27.1,14.9,8.8,4.5,111.0,5.5,0.4560185185185185
2021-22,2021,1610612745,Houston Rockets,82,20,62,0.244,39.4,86.4,0.456,13.5,38.7,0.349,17.5,24.5,0.713,9.6,32.4,42.0,23.6,16.5,7.3,4.7,109.7,-8.5,0.4479166666666667
2021-22,2021,1610612754,Indiana Pacers,82,25,57,0.305,41.4,89.5,0.463,12.2,35.4,0.344,16.4,21.4,0.768,11.3,32.6,43.9,25.4,14.4,7.1,5.6,111.5,-3.5,0.3955307262569832
2021-22,2021,1610612746,LA Clippers,82,42,40,0.512,40.1,87.4,0.458,12.8,34.2,0.374,15.5,19.6,0.793,9.1,34.9,44.0,24.0,13.7,7.4,5.0,108.4,0.0,0.391304347826087
2021-22,2021,1610612747,Los Angeles Lakers,82,33,49,0.402,41.6,88.8,0.469,12.0,34.5,0.347,16.8,23.0,0.732,9.5,34.5,44.0,24.0,14.5,7.6,5.2,112.1,-3.0,0.38851351351351354
2021-22,2021,1610612763,Memphis Grizzlies,82,56,26,0.683,43.5,94.4,0.461,11.5,32.7,0.353,17.0,23.1,0.734,14.1,35.0,49.2,26.0,13.2,9.8,6.5,115.6,5.7,0.3463983050847458
2021-22,2021,1610612748,Miami Heat,82,53,29,0.646,39.6,84.8,0.467,13.6,35.8,0.379,17.3,21.4,0.808,9.8,33.9,43.7,25.5,14.6,7.4,3.2,110.0,4.5,0.4221698113207547
2021-22,2021,1610612749,Milwaukee Bucks,82,51,31,0.622,41.8,89.4,0.468,14.1,38.4,0.366,17.8,22.9,0.776,10.2,36.5,46.7,23.9,13.4,7.6,4.0,115.5,3.4,0.4295302013422818
2021-22,2021,1610612750,Minnesota Timberwolves,82,46,36,0.561,41.6,91.0,0.457,14.8,41.3,0.358,18.0,23.1,0.778,11.2,32.9,44.2,25.7,14.3,8.8,5.6,115.9,2.6,0.4538461538461538
2021-22,2021,1610612740,New Orleans Pelicans,82,36,46,0.439,40.2,88.0,0.457,10.6,32.1,0.332,18.3,23.2,0.789,12.0,33.2,45.2,25.0,14.1,8.3,4.0,109.3,-1.0,0.3647727272727273
2021-22,2021,1610612752,New York Knicks,82,37,45,0.451,37.7,86.2,0.437,13.2,36.9,0.357,18.0,24.1,0.744,11.5,34.6,46.1,21.9,13.3,7.0,4.9,106.5,-0.1,0.42807424593967514
2021-22,2021,1610612760,Oklahoma City Thunder,82,24,58,0.293,38.3,89.1,0.43,12.1,37.4,0.323,15.0,19.9,0.756,10.4,35.2,45.6,22.2,14.0,7.6,4.6,103.7,-8.1,0.4197530864197531
2021-22,2021,1610612753,Orlando Magic,82,22,60,0.268,38.3,88.3,0.434,12.2,36.9,0.331,15.5,19.7,0.787,9.1,35.2,44.3,23.7,14.5,6.8,4.5,104.2,-8.0,0.4178935447338618
2021-22,2021,1610612755,Philadelphia 76ers,82,51,31,0.622,39.4,84.5,0.466,11.6,31.8,0.364,19.6,23.8,0.821,8.5,33.8,42.3,23.7,12.5,7.7,5.3,109.9,2.6,0.3763313609467456
2021-22,2021,1610612756,Phoenix Suns,82,64,18,0.78,43.7,90.1,0.485,11.6,31.9,0.364,15.9,19.9,0.797,9.8,35.5,45.3,27.4,12.9,8.6,4.4,114.8,7.5,0.35405105438401774
2021-22,2021,1610612757,Portland Trail Blazers,82,27,55,0.329,38.5,87.1,0.442,12.7,36.8,0.346,16.4,21.6,0.76,10.4,32.5,42.9,22.9,14.5,8.0,4.5,106.2,-8.9,0.4225028702640643
2021-22,2021,1610612758,Sacramento Kings,82,30,52,0.366,40.5,88.1,0.46,11.4,33.2,0.344,17.9,23.3,0.768,9.6,33.4,42.9,23.7,14.1,7.2,4.5,110.3,-5.5,0.37684449489216804
2021-22,2021,1610612759,San Antonio Spurs,82,34,48,0.415,43.2,92.7,0.467,11.3,32.0,0.352,15.4,20.4,0.754,11.0,34.3,45.3,27.9,12.7,7.6,4.9,113.2,0.1,0.34519956850053934
2021-22,2021,1610612761,Toronto Raptors,82,48,34,0.585,40.6,91.3,0.445,11.9,34.2,0.349,16.2,21.3,0.759,13.4,32.0,45.3,22.1,12.5,9.0,4.6,109.4,2.3,0.37458926615553123
2021-22,2021,1610612762,Utah Jazz,82,49,33,0.598,40.6,86.2,0.471,14.5,40.3,0.36,17.9,23.4,0.767,10.8,35.6,46.3,22.4,14.0,7.2,4.9,113.6,6.0,0.46751740139211134
2021-22,2021,1610612764,Washington Wizards,82,35,47,0.427,40.6,86.0,0.472,10.5,30.6,0.342,17.0,21.7,0.783,9.0,34.1,43.1,25.0,13.1,6.4,5.0,108.6,-3.4,0.35581395348837214
2022-23,2022,1610612737,Atlanta Hawks,82,41,41,0.5,44.6,92.4,0.483,10.8,30.5,0.352,18.5,22.6,0.818,11.2,33.2,44.4,25.0,12.9,7.1,4.9,118.4,0.3,0.33008658008658004
2022-23,2022,1610612738,Boston Celtics,82,57,25,0.695,42.2,88.8,0.475,16.0,42.6,0.377,17.5,21.6,0.812,9.7,35.6,45.3,26.7,13.4,6.4,5.2,117.9,6.5,0.47972972972972977
2022-23,2022,1610612751,Brooklyn Nets,82,45,37,0.549,41.5,85.1,0.487,12.8,33.8,0.378,17.7,22.1,0.8,8.2,32.3,40.5,25.5,13.7,7.1,6.2,113.4,0.9,0.3971797884841363
2022-23,2022,1610612766,Charlotte Hornets,82,27,55,0.329,41.3,90.4,0.457,10.7,32.5,0.33,17.6,23.6,0.749,11.0,33.5,44.5,25.1,14.2,7.7,5.2,111.0,-6.2,0.35951327433628316
2022-23,2022,1610612741,Chicago Bulls,82,40,42,0.488,42.5,86.8,0.49,10.4,28.9,0.361,17.6,21.8,0.809,8.5,33.9,42.4,24.5,13.4,7.9,4.5,113.1,1.3,0.33294930875576034
2022-23,2022,1610612739,Cleveland Cavaliers,82,51,31,0.622,41.6,85.2,0.488,11.6,31.6,0.367,17.5,22.5,0.78,9.7,31.4,41.1,24.9,13.3,7.1,4.7,112.3,5.4,0.37089201877934275
2022-23,2022,1610612742,Dallas Mavericks,82,38,44,0.463,40.0,84.3,0.475,15.2,41.0,0.371,19.0,25.1,0.755,7.6,31.2,38.8,22.9,12.2,6.3,3.7,114.2,0.1,0.48635824436536185
2022-23,2022,1610612743,Denver Nuggets,82,53,29,0.646,43.6,86.4,0.504,11.8,31.2,0.379,16.8,22.4,0.751,10.1,32.9,43.0,28.9,14.5,7.5,4.5,115.8,3.3,0.3611111111111111
2022-23,2022,1610612765,Detroit Pistons,82,17,65,0.207,39.6,87.1,0.454,11.4,32.4,0.351,19.8,25.7,0.771,11.2,31.3,42.4,23.0,15.1,7.0,3.8,110.3,-8.2,0.3719862227324914
2022-23,2022,1610612744,Golden State Warriors,82,44,38,0.537,43.1,90.2,0.479,16.6,43.2,0.385,16.0,20.2,0.794,10.5,34.1,44.6,29.8,16.3,7.2,4.0,118.9,1.8,0.4789356984478936
2022-23,2022,1610612745,Houston Rockets,82,22,60,0.268,40.6,88.9,0.457,10.4,31.9,0.327,19.1,25.3,0.754,13.4,32.9,46.3,22.4,16.2,7.3,4.6,110.7,-7.9,0.358830146231721
2022-23,2022,1610612754,Indiana Pacers,82,35,47,0.427,42.0,89.6,0.469,13.6,37.0,0.367,18.7,23.7,0.79,10.1,31.4,41.5,27.0,14.9,7.7,5.8,116.3,-3.2,0.4129464285714286
2022-23,2022,1610612746,LA Clippers,82,44,38,0.537,41.1,86.1,0.477,12.7,33.3,0.381,18.7,23.9,0.781,9.8,33.4,43.2,23.9,14.2,7.1,4.4,113.6,0.5,0.3867595818815331
2022-23,2022,1610612747,Los Angeles Lakers,82,43,39,0.524,42.9,89.0,0.482,10.8,31.2,0.346,20.6,26.6,0.775,10.0,35.7,45.7,25.3,14.1,6.4,4.6,117.2,0.6,0.350561797752809
2022-23,2022,1610612763,Memphis Grizzlies,82,51,31,0.622,43.7,92.1,0.475,12.0,34.2,0.351,17.5,23.8,0.733,12.0,34.6,46.6,26.0,13.6,8.3,5.8,116.9,3.9,0.37133550488599354
2022-23,2022,1610612748,Miami Heat,82,44,38,0.537,39.2,85.3,0.46,12.0,34.8,0.344,19.1,23.0,0.831,9.7,30.9,40.6,23.8,13.5,8.0,3.0,109.5,-0.3,0.4079718640093786
2022-23,2022,1610612749,Milwaukee Bucks,82,58,24,0.707,42.7,90.4,0.473,14.8,40.3,0.368,16.6,22.4,0.743,11.1,37.5,48.6,25.8,14.6,6.4,4.9,116.9,3.6,0.4457964601769911
2022-23,2022,1610612750,Minnesota Timberwolves,82,42,40,0.512,42.9,87.4,0.49,12.2,33.3,0.365,17.9,23.7,0.755,9.1,32.8,41.9,26.2,15.3,8.0,5.4,115.8,0.0,0.3810068649885583
2022-23,2022,1610612740,New Orleans Pelicans,82,42,40,0.512,42.0,87.6,0.48,11.0,30.1,0.364,19.3,24.4,0.793,10.6,33.1,43.7,25.9,14.6,8.3,4.1,114.4,1.9,0.3436073059360731
2022-23,2022,1610612752,New York Knicks,82,47,35,0.573,42.0,89.4,0.47,12.6,35.7,0.354,19.4,25.5,0.761,12.6,34.0,46.6,22.9,13.0,6.4,4.1,116.0,2.9,0.39932885906040266
2022-23,2022,1610612760,Oklahoma City Thunder,82,40,42,0.488,43.1,92.6,0.465,12.1,34.1,0.356,19.2,23.7,0.809,11.4,32.3,43.7,24.4,13.0,8.2,4.2,117.5,1.1,0.3682505399568035
2022-23,2022,1610612753,Orlando Magic,82,34,48,0.415,40.5,86.3,0.47,10.8,31.1,0.346,19.6,25.0,0.784,10.2,33.1,43.2,23.2,15.1,7.4,4.7,111.4,-2.6,0.3603707995365006
2022-23,2022,1610612755,Philadelphia 76ers,82,54,28,0.659,40.8,83.8,0.487,12.6,32.6,0.387,21.0,25.1,0.835,8.7,32.2,40.9,25.2,13.7,7.7,4.7,115.2,4.3,0.38902147971360385
2022-23,2022,1610612756,Phoenix Suns,82,45,37,0.549,42.1,90.1,0.467,12.2,32.6,0.374,17.2,21.7,0.793,11.8,32.4,44.2,27.3,13.5,7.1,5.3,113.6,2.1,0.36182019977802443
2022-23,2022,1610612757,Portland Trail Blazers,82,33,49,0.402,40.5,85.4,0.474,12.9,35.3,0.365,19.6,24.6,0.796,9.4,31.1,40.5,24.2,14.5,6.7,4.6,113.4,-4.0,0.41334894613583134
2022-23,2022,1610612758,Sacramento Kings,82,48,34,0.585,43.6,88.2,0.494,13.8,37.3,0.369,19.8,25.1,0.79,9.5,32.9,42.5,27.3,13.5,7.0,3.4,120.7,2.6,0.4229024943310657
2022-23,2022,1610612759,San Antonio Spurs,82,22,60,0.268,43.1,92.6,0.465,11.1,32.2,0.345,15.8,21.2,0.743,11.8,31.9,43.7,27.2,15.3,7.0,3.9,113.0,-10.0,0.347732181425486
2022-23,2022,1610612761,Toronto Raptors,82,41,41,0.5,41.9,91.3,0.459,10.7,32.0,0.335,18.4,23.4,0.784,12.7,30.3,43.0,23.9,11.7,9.4,5.2,112.9,1.5,0.35049288061336253
2022-23,2022,1610612762,Utah Jazz,82,37,45,0.451,42.5,89.8,0.473,13.3,37.8,0.353,18.7,23.8,0.786,11.8,34.1,45.9,26.0,15.4,6.1,5.2,117.1,-0.9,0.420935412026726
2022-23,2022,1610612764,Washington Wizards,82,35,47,0.427,42.1,86.9,0.485,11.3,31.7,0.356,17.6,22.4,0.785,9.4,34.2,43.6,25.4,14.1,6.8,5.2,113.2,-1.2,0.3647871116225546
2023-24,2023,1610612737,Atlanta Hawks,82,36,46,0.439,43.0,92.5,0.465,13.7,37.7,0.364,18.5,23.2,0.797,12.5,32.2,44.7,26.6,13.5,7.5,4.5,118.3,-2.2,0.4075675675675676
2023-24,2023,1610612738,Boston Celtics,82,64,18,0.78,43.9,90.2,0.487,16.5,42.5,0.388,16.3,20.2,0.807,10.7,35.6,46.3,26.9,11.9,6.8,6.6,120.6,11.3,0.4711751662971175
2023-24,2023,1610612751,Brooklyn Nets,82,32,50,0.39,40.7,89.1,0.456,13.3,36.7,0.362,15.8,20.9,0.756,11.4,32.6,44.1,25.6,13.1,6.8,5.2,110.4,-2.9,0.41189674523007863
2023-24,2023,1610612766,Charlotte Hornets,82,21,61,0.256,40.0,87.0,0.46,12.1,34.0,0.355,14.5,18.4,0.786,9.3,31.0,40.3,24.8,13.8,6.9,4.5,106.6,-10.2,0.39080459770114945
2023-24,2023,1610612741,Chicago Bulls,82,39,43,0.476,42.0,89.5,0.47,11.5,32.1,0.358,16.7,21.1,0.791,11.2,32.6,43.8,25.0,12.2,7.8,4.8,112.3,-1.4,0.358659217877095
2023-24,2023,1610612739,Cleveland Cavaliers,82,48,34,0.585,41.8,87.2,0.479,13.5,36.8,0.367,15.6,20.4,0.765,9.8,33.4,43.3,28.0,13.6,7.4,4.6,112.6,2.4,0.4220183486238532
2023-24,2023,1610612742,Dallas Mavericks,82,50,32,0.61,43.1,89.7,0.481,14.6,39.5,0.369,17.0,22.5,0.758,9.7,33.2,42.9,25.7,12.5,6.9,5.0,117.9,2.2,0.44035674470457076
2023-24,2023,1610612743,Denver Nuggets,82,57,25,0.695,44.0,88.8,0.496,11.7,31.2,0.374,15.1,19.9,0.762,10.7,33.7,44.4,29.5,12.6,7.1,5.6,114.9,5.3,0.35135135135135137
2023-24,2023,1610612765,Detroit Pistons,82,14,68,0.171,40.9,88.2,0.463,11.0,31.7,0.348,17.0,21.7,0.785,10.5,32.8,43.3,25.5,15.2,6.5,4.7,109.9,-9.1,0.35941043083900226
2023-24,2023,1610612744,Golden State Warriors,82,46,36,0.561,43.7,91.6,0.477,14.8,38.9,0.38,15.6,20.0,0.78,12.1,34.6,46.7,29.3,14.3,7.0,4.6,117.8,2.6,0.42467248908296945
2023-24,2023,1610612745,Houston Rockets,82,41,41,0.5,41.8,91.0,0.459,12.7,36.1,0.352,18.1,23.4,0.773,11.5,34.0,45.5,24.8,12.7,7.8,4.6,114.3,1.1,0.39670329670329674
2023-24,2023,1610612754,Indiana Pacers,82,47,35,0.573,47.0,92.7,0.507,13.2,35.3,0.374,16.1,20.5,0.782,10.1,31.4,41.5,30.8,12.9,7.7,5.9,123.3,3.0,0.38079827400215743
2023-24,2023,1610612746,LA Clippers,82,51,31,0.622,42.4,86.7,0.489,12.6,33.2,0.381,18.3,22.2,0.825,10.0,32.9,43.0,25.6,13.1,7.8,5.0,115.6,3.3,0.3829296424452134
2023-24,2023,1610612747,Los Angeles Lakers,82,47,35,0.573,43.7,87.5,0.499,11.8,31.4,0.377,18.9,24.2,0.782,8.2,34.9,43.1,28.5,14.0,7.4,5.5,118.0,0.6,0.3588571428571428
2023-24,2023,1610612763,Memphis Grizzlies,82,27,55,0.329,38.4,88.2,0.435,13.1,37.8,0.346,16.0,21.0,0.764,10.9,31.7,42.6,24.7,15.1,8.2,6.1,105.8,-7.0,0.42857142857142855
2023-24,2023,1610612748,Miami Heat,82,46,36,0.561,39.8,85.6,0.465,12.5,33.7,0.37,18.0,22.0,0.818,9.3,33.0,42.3,25.8,12.7,7.5,3.4,110.1,1.8,0.3936915887850468
2023-24,2023,1610612749,Milwaukee Bucks,82,49,33,0.598,43.1,88.5,0.487,14.2,38.1,0.373,18.5,23.9,0.774,9.4,34.8,44.2,26.5,12.9,6.8,5.0,119.0,2.6,0.4305084745762712
2023-24,2023,1610612750,Minnesota Timberwolves,82,56,26,0.683,41.3,85.0,0.485,12.6,32.7,0.387,17.8,22.9,0.777,9.4,34.2,43.6,26.6,14.2,7.9,6.1,113.0,6.5,0.38470588235294123
2023-24,2023,1610612740,New Orleans Pelicans,82,49,33,0.598,42.5,87.4,0.486,12.5,32.6,0.383,17.6,22.8,0.771,10.4,33.6,44.0,27.0,13.0,8.3,4.6,115.1,4.4,0.3729977116704805
2023-24,2023,1610612752,New York Knicks,82,50,32,0.61,41.3,88.7,0.465,13.2,35.8,0.369,17.0,21.8,0.78,12.7,32.5,45.2,24.4,13.2,7.5,4.1,112.8,4.6,0.40360766629086803
2023-24,2023,1610612760,Oklahoma City Thunder,82,57,25,0.695,44.5,89.3,0.499,13.3,34.2,0.389,17.7,21.5,0.825,8.8,33.2,42.0,27.1,12.7,8.5,6.6,120.1,7.4,0.3829787234042554
2023-24,2023,1610612753,Orlando Magic,82,47,35,0.573,40.5,84.9,0.476,11.0,31.3,0.352,18.5,24.4,0.759,10.5,31.8,42.3,24.7,14.7,8.2,5.2,110.5,2.0,0.36866902237926974
2023-24,2023,1610612755,Philadelphia 76ers,82,47,35,0.573,41.5,89.4,0.464,12.1,33.3,0.363,19.5,23.6,0.826,11.0,31.9,43.0,24.9,12.0,8.5,6.0,114.6,3.0,0.37248322147651003
2023-24,2023,1610612756,Phoenix Suns,82,49,33,0.598,42.5,86.1,0.493,12.4,32.6,0.382,18.9,23.4,0.808,10.1,33.9,44.1,27.0,14.9,7.4,6.0,116.2,3.1,0.37862950058072015
2023-24,2023,1610612757,Portland Trail Blazers,82,21,61,0.256,39.4,89.7,0.439,11.5,33.2,0.345,16.2,20.5,0.791,12.6,30.1,42.7,23.1,15.2,7.6,4.3,106.4,-9.0,0.3701226309921962
2023-24,2023,1610612758,Sacramento Kings,82,46,36,0.561,43.3,90.9,0.477,14.4,39.3,0.366,15.5,20.9,0.745,10.8,33.2,44.0,28.3,13.1,7.6,4.2,116.6,1.7,0.4323432343234323
2023-24,2023,1610612759,San Antonio Spurs,82,22,60,0.268,41.9,90.7,0.462,12.6,36.4,0.347,15.6,20.0,0.782,10.4,33.9,44.2,29.9,15.1,7.1,6.3,112.1,-6.5,0.40132304299889743
2023-24,2023,1610612761,Toronto Raptors,82,25,57,0.305,42.3,89.7,0.471,11.5,33.1,0.347,16.3,21.6,0.756,10.9,31.8,42.7,28.5,14.0,7.7,4.7,112.4,-6.4,0.3690078037904125
2023-24,2023,1610612762,Utah Jazz,82,31,51,0.378,42.0,89.9,0.467,12.9,36.5,0.354,18.8,22.6,0.83,12.2,33.2,45.5,27.2,15.7,6.5,5.6,115.7,-4.9,0.40600667408231367
2023-24,2023,1610612764,Washington Wizards,82,15,67,0.183,43.0,91.4,0.47,12.4,35.5,0.348,15.4,20.2,0.764,9.2,31.9,41.1,27.9,14.0,7.6,5.1,113.7,-9.3,0.3884026258205689
2024-25,2024,1610612737,Atlanta Hawks,82,40,42,0.488,43.4,91.8,0.472,13.5,37.7,0.358,18.0,23.2,0.775,11.9,32.6,44.5,29.6,15.5,9.7,5.1,118.2,-1.1,0.4106753812636166
2024-25,2024,1610612738,Boston Celtics,82,61,21,0.744,41.6,90.0,0.462,17.8,48.2,0.368,15.3,19.1,0.799,11.4,33.9,45.3,26.1,11.9,7.2,5.5,116.3,9.1,0.5355555555555556
2024-25,2024,1610612751,Brooklyn Nets,82,26,56,0.317,37.6,86.1,0.437,13.6,39.4,0.344,16.3,20.7,0.787,10.9,30.4,41.3,25.2,15.2,7.8,4.3,105.1,-7.1,0.45760743321718933
2024-25,2024,1610612766,Charlotte Hornets,82,19,63,0.232,38.3,89.1,0.43,13.0,38.3,0.339,15.5,19.8,0.783,12.2,33.0,45.2,24.3,15.5,7.4,4.5,105.1,-9.1,0.4298540965207632
2024-25,2024,1610612741,Chicago Bulls,82,39,43,0.476,43.2,92.0,0.47,15.4,42.0,0.367,16.0,19.7,0.809,10.1,35.8,45.9,29.1,14.7,7.6,4.7,117.8,-1.6,0.45652173913043476
2024-25,2024,1610612739,Cleveland Cavaliers,82,64,18,0.78,44.5,90.8,0.491,15.9,41.5,0.383,17.0,21.9,0.776,11.2,34.2,45.4,28.1,13.2,8.2,4.3,121.9,9.5,0.45704845814977973
2024-25,2024,1610612742,Dallas Mavericks,82,39,43,0.476,42.0,87.7,0.479,12.4,34.2,0.364,17.8,23.1,0.77,10.1,33.0,43.0,25.2,14.0,7.8,5.4,114.2,-1.2,0.3899657924743444
2024-25,2024,1610612743,Denver Nuggets,82,50,32,0.61,45.4,89.8,0.506,12.0,31.9,0.376,17.9,23.3,0.77,11.2,34.5,45.7,31.0,14.3,8.0,4.9,120.8,3.9,0.35523385300668153
2024-25,2024,1610612765,Detroit Pistons,82,44,38,0.537,42.7,89.8,0.476,12.8,35.4,0.362,17.2,22.3,0.774,11.4,33.4,44.8,26.4,14.9,8.0,5.3,115.5,1.9,0.39420935412026725
2024-25,2024,1610612744,Golden State Warriors,82,48,34,0.585,40.8,90.4,0.451,15.4,42.4,0.364,16.9,22.1,0.764,12.5,32.8,45.4,29.1,14.0,9.4,4.8,113.8,3.3,0.4690265486725663
2024-25,2024,1610612745,Houston Rockets,82,52,30,0.634,42.5,93.4,0.455,12.7,35.8,0.353,16.7,22.6,0.738,14.6,33.8,48.5,23.3,13.9,8.4,5.0,114.3,4.5,0.3832976445396145
2024-25,2024,1610612754,Indiana Pacers,82,50,32,0.61,43.6,89.3,0.488,13.2,35.8,0.368,17.0,21.6,0.789,9.2,32.7,41.8,29.2,13.2,8.5,5.5,117.4,2.2,0.4008958566629339
2024-25,2024,1610612746,LA Clippers,82,50,32,0.61,41.6,86.3,0.482,12.5,33.4,0.373,17.3,21.7,0.797,10.3,33.5,43.8,25.2,14.9,9.4,4.5,112.9,4.7,0.3870220162224797
2024-25,2024,1610612747,Los Angeles Lakers,82,50,32,0.61,40.9,85.5,0.479,13.3,36.4,0.366,18.2,23.2,0.785,9.7,32.8,42.4,26.0,14.0,7.7,4.5,113.4,1.2,0.4257309941520468
2024-25,2024,1610612763,Memphis Grizzlies,82,48,34,0.585,44.8,93.3,0.479,13.9,37.9,0.367,18.3,23.3,0.786,12.9,34.4,47.3,28.4,15.7,8.9,5.6,121.7,4.9,0.4062165058949625
2024-25,2024,1610612748,Miami Heat,82,37,45,0.451,40.5,87.0,0.465,13.7,37.3,0.367,16.0,20.2,0.791,9.7,33.7,43.4,26.4,13.6,8.1,3.8,110.6,0.6,0.42873563218390803
2024-25,2024,1610612749,Milwaukee Bucks,82,48,34,0.585,42.0,86.4,0.486,14.2,36.6,0.387,17.3,23.1,0.75,8.2,35.1,43.4,25.5,13.4,7.3,4.7,115.5,2.5,0.4236111111111111
2024-25,2024,1610612750,Minnesota Timberwolves,82,49,33,0.598,41.0,87.6,0.468,15.0,39.9,0.377,17.2,21.8,0.789,11.1,33.2,44.3,26.1,14.5,8.0,5.0,114.3,5.0,0.4554794520547945
2024-25,2024,1610612740,New Orleans Pelicans,82,21,61,0.256,40.6,89.9,0.452,12.0,34.6,0.347,16.5,21.9,0.754,12.1,31.5,43.6,25.8,14.6,8.5,5.2,109.8,-9.4,0.38487208008898777
2024-25,2024,1610612752,New York Knicks,82,51,31,0.622,43.3,89.2,0.486,12.6,34.1,0.369,16.5,20.7,0.8,10.9,31.8,42.6,27.5,13.3,8.2,4.0,115.8,4.1,0.38228699551569506
2024-25,2024,1610612760,Oklahoma City Thunder,82,68,14,0.829,44.6,92.7,0.482,14.5,38.8,0.374,16.7,20.4,0.819,10.6,34.2,44.8,26.9,11.7,10.3,5.7,120.5,12.9,0.41855447680690394
2024-25,2024,1610612753,Orlando Magic,82,41,41,0.5,38.2,85.8,0.445,11.2,35.3,0.318,17.9,23.0,0.775,11.1,30.7,41.8,23.0,14.2,8.9,6.0,105.4,-0.1,0.4114219114219114
2024-25,2024,1610612755,Philadelphia 76ers,82,24,58,0.293,39.7,87.4,0.454,12.7,37.2,0.341,17.5,22.5,0.78,10.4,29.4,39.8,23.2,13.6,9.2,4.5,109.6,-6.2,0.425629290617849
2024-25,2024,1610612756,Phoenix Suns,82,36,46,0.439,41.2,86.3,0.478,14.3,38.0,0.378,16.8,20.8,0.81,9.5,32.9,42.5,27.8,14.1,7.2,4.8,113.6,-3.0,0.440324449594438
2024-25,2024,1610612757,Portland Trail Blazers,82,36,46,0.439,40.5,90.2,0.45,12.9,37.7,0.342,16.9,22.2,0.762,13.4,31.4,44.8,23.8,16.0,8.3,5.3,110.9,-3.0,0.417960088691796
2024-25,2024,1610612758,Sacramento Kings,82,40,42,0.488,43.0,90.1,0.478,12.6,35.2,0.357,17.1,21.2,0.806,11.0,33.2,44.2,26.5,13.3,7.6,4.4,115.7,0.5,0.3906770255271921
2024-25,2024,1610612759,San Antonio Spurs,82,34,48,0.415,41.8,89.8,0.465,14.1,39.6,0.357,16.2,21.0,0.774,10.9,32.7,43.7,28.6,13.9,8.2,5.5,113.9,-2.8,0.4409799554565702
2024-25,2024,1610612761,Toronto Raptors,82,30,52,0.366,41.6,91.0,0.458,11.8,34.0,0.348,15.8,21.1,0.748,12.6,32.5,45.1,28.5,15.3,8.1,4.2,110.9,-4.3,0.37362637362637363
2024-25,2024,1610612762,Utah Jazz,82,17,65,0.207,40.3,88.7,0.454,14.0,39.8,0.35,17.3,22.4,0.774,12.0,33.4,45.4,25.5,17.2,6.8,4.4,111.9,-9.3,0.44870349492671924
2024-25,2024,1610612764,Washington Wizards,82,18,64,0.22,39.4,89.9,0.439,13.1,39.1,0.335,16.0,20.6,0.778,10.6,33.1,43.7,25.1,15.6,7.6,5.1,108.0,-12.4,0.43492769744160176
2025-26,2025,1610612737,Atlanta Hawks,82,46,36,0.561,43.6,92.0,0.474,14.6,39.5,0.371,16.6,21.5,0.774,11.0,32.6,43.5,30.1,14.2,9.4,4.7,118.5,2.4,0.42934782608695654
2025-26,2025,1610612738,Boston Celtics,82,56,26,0.683,42.1,90.2,0.467,15.5,42.1,0.367,15.1,18.7,0.807,12.5,33.9,46.4,24.6,12.4,7.1,5.0,114.9,7.7,0.46674057649667405
2025-26,2025,1610612751,Brooklyn Nets,82,20,62,0.244,37.5,84.5,0.443,13.1,38.4,0.34,17.9,23.0,0.78,10.3,29.0,39.3,25.0,15.8,8.0,4.3,105.9,-10.0,0.4544378698224852
2025-26,2025,1610612766,Charlotte Hornets,82,44,38,0.537,40.9,88.9,0.46,16.4,43.3,0.378,17.8,21.7,0.818,12.8,33.3,46.1,26.3,15.4,7.0,4.5,116.0,4.8,0.48706411698537677
2025-26,2025,1610612741,Chicago Bulls,82,31,51,0.378,42.4,90.5,0.469,14.3,40.1,0.356,17.3,22.2,0.776,10.4,34.7,45.0,28.5,15.3,7.6,5.0,116.3,-5.2,0.4430939226519337
2025-26,2025,1610612739,Cleveland Cavaliers,82,52,30,0.634,43.3,90.0,0.482,14.3,39.8,0.36,18.5,23.9,0.776,11.7,32.7,44.4,28.3,14.0,8.5,5.0,119.5,4.1,0.4422222222222222
2025-26,2025,1610612742,Dallas Mavericks,82,26,56,0.317,41.9,89.8,0.466,11.0,31.9,0.344,19.5,25.8,0.755,10.5,34.2,44.7,25.3,14.5,7.5,5.2,114.1,-5.5,0.35523385300668153
2025-26,2025,1610612743,Denver Nuggets,82,54,28,0.659,43.5,87.8,0.496,14.2,35.8,0.396,20.8,25.8,0.808,9.8,34.2,44.0,29.0,12.9,6.8,4.0,122.1,5.1,0.40774487471526194
2025-26,2025,1610612765,Detroit Pistons,82,60,22,0.732,43.4,89.5,0.485,11.0,30.9,0.356,19.9,26.1,0.763,13.1,32.5,45.6,27.8,15.1,10.4,6.4,117.8,8.2,0.34525139664804466
2025-26,2025,1610612744,Golden State Warriors,82,37,45,0.451,40.9,88.8,0.461,15.7,44.1,0.356,17.0,21.1,0.807,11.4,31.0,42.3,28.9,15.7,9.7,4.2,114.6,-0.6,0.49662162162162166
2025-26,2025,1610612745,Houston Rockets,82,52,30,0.634,43.0,89.8,0.479,11.5,31.5,0.364,17.8,23.4,0.763,15.0,33.1,48.1,25.4,15.4,8.5,5.8,115.2,5.2,0.3507795100222717
2025-26,2025,1610612754,Indiana Pacers,82,19,63,0.232,40.8,89.1,0.458,13.4,37.6,0.356,17.4,22.5,0.776,9.8,32.1,41.9,27.7,14.5,7.4,4.6,112.4,-8.0,0.4219977553310887
2025-26,2025,1610612746,LA Clippers,82,42,40,0.512,40.5,83.6,0.484,12.4,33.8,0.368,20.3,24.7,0.823,9.6,31.0,40.6,23.7,14.3,9.0,4.9,113.8,1.1,0.4043062200956938
2025-26,2025,1610612747,Los Angeles Lakers,82,53,29,0.646,42.0,83.7,0.502,11.8,32.9,0.359,20.4,26.8,0.763,9.4,31.5,41.0,25.9,14.5,8.5,4.3,116.3,1.8,0.39307048984468335
2025-26,2025,1610612763,Memphis Grizzlies,82,25,57,0.305,41.3,90.6,0.456,13.9,39.5,0.353,18.0,22.8,0.793,11.2,31.0,42.1,27.8,15.1,8.8,4.8,114.7,-6.0,0.4359823399558499
2025-26,2025,1610612748,Miami Heat,82,43,39,0.524,43.7,93.3,0.468,13.7,37.9,0.361,19.8,25.0,0.792,11.8,34.5,46.3,29.0,13.7,8.6,4.3,120.9,2.3,0.4062165058949625
2025-26,2025,1610612749,Milwaukee Bucks,82,32,50,0.39,40.8,85.5,0.477,15.1,39.1,0.387,13.9,19.1,0.73,8.9,31.8,40.7,25.8,15.2,7.4,4.0,110.6,-6.2,0.45730994152046783
2025-26,2025,1610612750,Minnesota Timberwolves,82,49,33,0.598,42.6,88.5,0.481,13.8,37.2,0.37,19.0,25.3,0.752,11.1,33.0,44.1,26.1,14.8,8.7,5.8,118.0,3.4,0.4203389830508475
2025-26,2025,1610612740,New Orleans Pelicans,82,26,56,0.317,42.1,90.5,0.466,11.1,32.1,0.347,20.1,25.7,0.784,12.2,31.7,43.9,25.1,14.2,8.9,5.2,115.5,-4.5,0.3546961325966851
2025-26,2025,1610612752,New York Knicks,82,53,29,0.646,42.7,89.4,0.478,14.2,38.2,0.373,16.8,21.3,0.792,12.7,32.9,45.6,27.4,13.6,8.1,3.9,116.5,6.3,0.4272930648769575
2025-26,2025,1610612760,Oklahoma City Thunder,82,64,18,0.78,43.1,89.1,0.484,13.8,37.9,0.365,19.0,23.2,0.817,9.6,34.6,44.1,25.8,12.6,9.7,5.5,119.0,11.1,0.42536475869809204
2025-26,2025,1610612753,Orlando Magic,82,45,37,0.549,41.0,88.3,0.464,11.7,34.1,0.343,22.0,27.5,0.801,11.0,32.4,43.4,26.5,14.2,8.5,4.7,115.7,0.6,0.38618346545866367
2025-26,2025,1610612755,Philadelphia 76ers,82,45,37,0.549,41.7,90.3,0.462,12.3,35.3,0.349,20.1,24.8,0.809,11.8,31.8,43.6,24.6,13.6,9.1,5.7,115.9,-0.2,0.3909191583610188
2025-26,2025,1610612756,Phoenix Suns,82,45,37,0.549,41.0,90.1,0.455,14.8,40.8,0.361,15.8,20.3,0.781,13.0,30.1,43.1,24.6,14.5,9.5,4.2,112.6,1.5,0.4528301886792453
2025-26,2025,1610612757,Portland Trail Blazers,82,42,40,0.512,40.9,90.1,0.453,14.5,42.2,0.343,19.3,25.2,0.765,14.1,31.9,46.0,25.1,17.3,8.3,5.5,115.5,-0.3,0.4683684794672587
2025-26,2025,1610612758,Sacramento Kings,82,22,60,0.268,41.6,89.0,0.467,10.3,30.2,0.34,17.6,22.8,0.772,11.5,30.8,42.3,25.5,14.3,8.0,4.5,111.0,-10.0,0.3393258426966292
2025-26,2025,1610612759,San Antonio Spurs,82,62,20,0.756,43.4,89.9,0.483,13.6,37.9,0.359,19.3,24.6,0.787,11.4,35.6,47.0,28.1,13.5,7.5,5.5,119.8,8.3,0.421579532814238
2025-26,2025,1610612761,Toronto Raptors,82,46,36,0.561,42.6,88.4,0.482,11.4,32.1,0.354,18.0,23.4,0.769,10.9,31.2,42.1,29.5,13.7,8.8,4.8,114.6,2.8,0.36312217194570134
2025-26,2025,1610612762,Utah Jazz,82,22,60,0.268,42.5,91.1,0.467,12.6,36.7,0.345,19.9,25.3,0.786,12.0,31.8,43.8,29.6,15.5,8.9,3.8,117.6,-8.4,0.4028540065861691
2025-26,2025,1610612764,Washington Wizards,82,17,65,0.207,41.8,90.4,0.463,13.0,36.4,0.359,16.2,21.2,0.766,11.0,30.9,41.9,25.0,15.7,8.0,5.5,112.9,-12.0,0.40265486725663713
